Date,Home Team,Home Score,Away Team,Away Score
2018-08-18,New Bloomfield,1,Fulton,7
2018-08-18,Wright City,0,Fulton,8
2018-08-20,Wellsville-Middletown,0,Louisiana,0
2018-08-24,Dora,11,Alton,4
2018-08-24,Willard,1,Bolivar,11
2018-08-24,Webster Groves,1,Camdenton,2
2018-08-24,DeSoto,4,Camdenton,7
2018-08-24,Salem,2,East Carter,4
2018-08-24,Leeton,7,Fair Play,6
2018-08-24,Oakville,5,Fox,9
2018-08-24,Fox,10,Ft. Zumwalt North,9
2018-08-24,Marshfield,4,Glendale,2
2018-08-24,Marion C. Early,8,Halfway,1
2018-08-24,Norwood,3,Hartville,2
2018-08-24,Humansville,10,Hermitage,9
2018-08-24,Aurora,1,Hillcrest,11
2018-08-24,Ozark,7,Jefferson City,3
2018-08-24,Northeast (Cairo),2,La Plata,4
2018-08-24,Liberty North,16,Ladue Horton Watkins,0
2018-08-24,Lawson,0,Lafayette (St. Joseph),9
2018-08-24,Westran,7,Lebanon,8
2018-08-24,Novinger,1,Madison,16
2018-08-24,Carthage,1,McDonald County,4
2018-08-24,Kickapoo,3,Nixa,4
2018-08-24,Northeast Nodaway,1,North Harrison,11
2018-08-24,Battle,9,Palmyra,6
2018-08-24,Carl Junction,0,Reeds Spring,10
2018-08-24,Monett,5,Republic,7
2018-08-24,Clayton,0,St. Charles,15
2018-08-24,Summit Christian Academy,5,Weaubleau,6
2018-08-25,Princeton,6,Albany,11
2018-08-25,Worth County,6,Albany,3
2018-08-25,North Andrew,5,Albany,13
2018-08-25,Reeds Spring,8,Ava,0
2018-08-25,Cassville,8,Ava,5
2018-08-25,Liberty (Wentzville),9,Battle,10
2018-08-25,St. Charles,11,Belton,3
2018-08-25,Liberty,14,Belton,2
2018-08-25,Excelsior Springs,4,Benton,1
2018-08-25,Maysville,5,Benton,6
2018-08-25,Hale,7,Bevier,3
2018-08-25,Higbee,7,Bevier,17
2018-08-25,Notre Dame (St. Louis),15,Bishop DuBourg,0
2018-08-25,Festus,3,Blue Springs South,10
2018-08-25,Lutheran South,0,Blue Springs South,22
2018-08-25,Lindbergh,1,Blue Springs South,11
2018-08-25,Moberly,10,Boonville,5
2018-08-25,Fayette,1,Boonville,5
2018-08-25,Kirksville,9,Boonville,1
2018-08-25,Washington,5,Bowling Green,2
2018-08-25,Troy Buchanan,3,Bowling Green,0
2018-08-25,Windsor (Imperial),11,Branson,4
2018-08-25,Mansfield,3,Buffalo,7
2018-08-25,Iberia,4,Buffalo,0
2018-08-25,Dixon,2,Buffalo,13
2018-08-25,Webster Groves,1,Camdenton,2
2018-08-25,DeSoto,4,Camdenton,7
2018-08-25,Osage,6,Camdenton,5
2018-08-25,Eureka,8,Camdenton,5
2018-08-25,Mid-Buchanan,9,Cameron,7
2018-08-25,Maysville,15,Cameron,4
2018-08-25,Pilot Grove,7,Carrollton,0
2018-08-25,California,0,Carrollton,5
2018-08-25,St. Michael the Archangel,1,Carrollton,18
2018-08-25,Reeds Spring,12,Cassville,0
2018-08-25,Mid-Buchanan,11,Central (St. Joseph),7
2018-08-25,DeKalb,3,Central (St. Joseph),8
2018-08-25,Cameron,2,Central (St. Joseph),13
2018-08-25,Benton,0,Central (St. Joseph),9
2018-08-25,Mansfield,15,Clinton,0
2018-08-25,El Dorado Springs,21,Clinton,4
2018-08-25,Smithville,5,Clinton,8
2018-08-25,Windsor (Imperial),2,DeSoto,3
2018-08-25,Jackson,3,DeSoto,4
2018-08-25,Warrenton,0,DeSoto,2
2018-08-25,El Dorado Springs,0,Dixon,13
2018-08-25,Smithville,0,Dixon,3
2018-08-25,Willard,15,Dora,4
2018-08-25,North Platte,0,East Buchanan,4
2018-08-25,Lexington,3,East Buchanan,2
2018-08-25,West Platte,4,East Buchanan,14
2018-08-25,Branson,10,Eldon,6
2018-08-25,Pacific,10,Eldon,9
2018-08-25,New Franklin,0,Eugene,15
2018-08-25,Webb City,0,Eureka,8
2018-08-25,Jackson,1,Eureka,3
2018-08-25,Owensville,3,Eureka,11
2018-08-25,Mid-Buchanan,10,Excelsior Springs,5
2018-08-25,Maysville,2,Excelsior Springs,11
2018-08-25,Summit Christian Academy,13,Fair Play,4
2018-08-25,Hermitage,9,Fair Play,5
2018-08-25,Wright City,1,Fayette,0
2018-08-25,Poplar Bluff,14,Festus,1
2018-08-25,Incarnate Word Academy,8,Festus,11
2018-08-25,Oakville,5,Fox,9
2018-08-25,Liberty North,6,Fox,3
2018-08-25,Poplar Bluff,7,Francis Howell,5
2018-08-25,Ursuline Academy,8,Francis Howell,5
2018-08-25,Incarnate Word Academy,3,Francis Howell,3
2018-08-25,Timberland,2,Francis Howell Central,5
2018-08-25,Highland,2,Francis Howell Central,9
2018-08-25,Hillsboro,5,Francis Howell Central,0
2018-08-25,Father Tolton,12,Fredericktown,3
2018-08-25,North County,8,Fredericktown,0
2018-08-25,Jefferson (Festus),7,Fredericktown,6
2018-08-25,Lafayette (Wildwood),8,Ft. Zumwalt North,7
2018-08-25,Cor Jesu Academy,4,Ft. Zumwalt North,8
2018-08-25,Fox,10,Ft. Zumwalt North,9
2018-08-25,Hannibal,7,Ft. Zumwalt South,15
2018-08-25,St. Dominic,0,Ft. Zumwalt South,8
2018-08-25,Winfield,10,Ft. Zumwalt South,3
2018-08-25,Vienna,6,Gallatin,5
2018-08-25,Worth County,7,Gallatin,8
2018-08-25,Plattsburg,3,Grain Valley,8
2018-08-25,Fort Osage,21,Grandview,1
2018-08-25,Higbee,1,Hale,11
2018-08-25,New Bloomfield,10,Hallsville,2
2018-08-25,St. Dominic,9,Hannibal,2
2018-08-25,Winfield,4,Hannibal,10
2018-08-25,New Bloomfield,5,Harrisburg,3
2018-08-25,Worth County,5,Harrisburg,2
2018-08-25,Oak Park,11,Harrisonville,7
2018-08-25,Raymore-Peculiar,15,Harrisonville,0
2018-08-25,Liberty (Wentzville),4,Hazelwood West,2
2018-08-25,Battle,4,Hazelwood West,3
2018-08-25,Timberland,3,Highland,1
2018-08-25,Timberland,2,Hillsboro,5
2018-08-25,Highland,5,Hillsboro,9
2018-08-25,Lee's Summit West,6,Holden,3
2018-08-25,William Chrisman,2,Holden,6
2018-08-25,Leeton,7,Humansville,3
2018-08-25,Wheatland,6,Humansville,5
2018-08-25,Smithville,0,Iberia,10
2018-08-25,Lutheran South,6,Incarnate Word Academy,5
2018-08-25,Branson,3,Jackson,7
2018-08-25,Linn,10,Jackson,5
2018-08-25,Van-Far,12,Jamestown,8
2018-08-25,Father Tolton,9,Jefferson (Festus),1
2018-08-25,Raytown,0,Kearney,9
2018-08-25,Savannah,1,Kirksville,13
2018-08-25,Eugene,9,Kirksville,0
2018-08-25,Cor Jesu Academy,16,Ladue Horton Watkins,2
2018-08-25,Rockwood Summit,22,Ladue Horton Watkins,2
2018-08-25,Liberty North,16,Ladue Horton Watkins,0
2018-08-25,Trenton,12,Lafayette (St. Joseph),0
2018-08-25,Excelsior Springs,1,Lafayette (St. Joseph),6
2018-08-25,Lawson,0,Lafayette (St. Joseph),9
2018-08-25,Rockwood Summit,2,Lafayette (Wildwood),5
2018-08-25,Liberty North,5,Lafayette (Wildwood),1
2018-08-25,Savannah,5,Lawson,3
2018-08-25,St. Charles,9,Lee's Summit,0
2018-08-25,Liberty,11,Lee's Summit,0
2018-08-25,Notre Dame de Sion,0,Lee's Summit North,15
2018-08-25,Smithville,2,Lee's Summit North,8
2018-08-25,William Chrisman,0,Lee's Summit West,10
2018-08-25,Weaubleau,6,Leeton,4
2018-08-25,North Platte,1,Lexington,4
2018-08-25,West Platte,3,Lexington,1
2018-08-25,Poplar Bluff,3,Lindbergh,9
2018-08-25,Ursuline Academy,8,Lindbergh,18
2018-08-25,Warrenton,3,Linn,2
2018-08-25,El Dorado Springs,0,Logan-Rogersville,7
2018-08-25,Mansfield,3,Logan-Rogersville,12
2018-08-25,Iberia,5,Logan-Rogersville,14
2018-08-25,Ursuline Academy,11,Lutheran South,0
2018-08-25,California,2,Marshall,9
2018-08-25,Warsaw,9,Marshall,0
2018-08-25,Wright City,2,Moberly,5
2018-08-25,Eugene,1,Moberly,0
2018-08-25,Schuyler County,5,New Bloomfield,1
2018-08-25,Wright City,13,New Franklin,5
2018-08-25,North Harrison,9,North Andrew,3
2018-08-25,Father Tolton,1,North County,4
2018-08-25,Jefferson (Festus),4,North County,6
2018-08-25,Vienna,3,North Harrison,1
2018-08-25,Worth County,1,North Harrison,6
2018-08-25,Winnetonka,15,North Kansas City,4
2018-08-25,West Platte,6,North Platte,2
2018-08-25,Owensville,3,Northwest (Cedar Hill),17
2018-08-25,Pacific,7,Northwest (Cedar Hill),4
2018-08-25,Linn,4,Northwest (Cedar Hill),3
2018-08-25,St. Pius X (Festus),3,Notre Dame (St. Louis),1
2018-08-25,Kearney,9,Oak Grove,2
2018-08-25,Raytown,1,Oak Grove,17
2018-08-25,Raymore-Peculiar,2,Oak Park,0
2018-08-25,Cor Jesu Academy,4,Oakville,6
2018-08-25,Rockwood Summit,5,Oakville,4
2018-08-25,Grain Valley,11,Odessa,7
2018-08-25,Plattsburg,11,Odessa,5
2018-08-25,Pacific,1,Osage,6
2018-08-25,Webb City,10,Osage,0
2018-08-25,Linn,7,Osage,8
2018-08-25,Branson,5,Owensville,1
2018-08-25,Windsor (Imperial),8,Pacific,7
2018-08-25,Liberty (Wentzville),10,Palmyra,13
2018-08-25,Battle,9,Palmyra,6
2018-08-25,Platte County,4,Park Hill,5
2018-08-25,Pleasant Hill,5,Park Hill,3
2018-08-25,Warsaw,1,Pilot Grove,9
2018-08-25,Pleasant Hill,4,Platte County,2
2018-08-25,Vienna,10,Princeton,4
2018-08-25,Webb City,0,Reeds Spring,2
2018-08-25,Worth County,0,Schuyler County,8
2018-08-25,Trenton,5,Savannah,1
2018-08-25,DeKalb,5,Savannah,1
2018-08-25,New Franklin,8,Savannah,15
2018-08-25,Fayette,5,Savannah,0
2018-08-25,Notre Dame de Sion,0,Smithville,15
2018-08-25,Schuyler County,0,Southern Boone,1
2018-08-25,Van-Far,1,Southern Boone,2
2018-08-25,Hallsville,0,Southern Boone,5
2018-08-25,Westminster Christian Academy,2,St. Pius X (Festus),2
2018-08-25,Van-Far,14,Worth County,0
2018-08-25,Eldon,3,Webb City,16
2018-08-25,Warrenton,5,Webb City,11
2018-08-25,Waynesville,3,Webb City,21
2018-08-25,DeKalb,1,Trenton,14
2018-08-25,Mid-Buchanan,3,Trenton,10
2018-08-25,Washington,1,Troy Buchanan,15
2018-08-25,California,10,Versailles,0
2018-08-25,St. Michael the Archangel,3,Versailles,18
2018-08-25,Jamestown,6,Vienna,16
2018-08-25,Van-Far,2,Vienna,9
2018-08-25,Dora,6,Walnut Grove,3
2018-08-25,Willard,6,Walnut Grove,3
2018-08-25,Versailles,4,Warrensburg,13
2018-08-25,Marshall,2,Warrensburg,15
2018-08-25,Pilot Grove,0,Warrensburg,10
2018-08-25,St. Michael the Archangel,0,Warsaw,16
2018-08-25,Webster Groves,17,Waynesville,0
2018-08-25,Eldon,23,Waynesville,3
2018-08-25,Warrenton,13,Waynesville,2
2018-08-25,Windsor (Imperial),4,Webster Groves,3
2018-08-25,Hallsville,13,Westran,1
2018-08-25,Van-Far,11,Westran,3
2018-08-25,Weaubleau,7,Wheatland,0
2018-08-25,St. Dominic,15,Winfield,5
2018-08-27,Park Hill,10,Belton,9
2018-08-27,Smithville,12,Belton,2
2018-08-27,Lebanon,1,Bolivar,11
2018-08-27,Southern Boone,15,Boonville,5
2018-08-27,Hillcrest,7,Branson,12
2018-08-27,Lathrop,4,Cameron,2
2018-08-27,Neosho,14,Cassville,6
2018-08-27,Kickapoo,15,Central (Springfield),0
2018-08-27,Macon,6,Centralia,5
2018-08-27,Kirksville,11,Clark County,2
2018-08-27,Knob Noster,20,Clinton,0
2018-08-27,Glasgow,0,Community,24
2018-08-27,Laquey,2,Crocker,12
2018-08-27,New Haven,5,Cuba,8
2018-08-27,Wheatland,15,Dadeville,2
2018-08-27,Iberia,14,Dixon,4
2018-08-27,Van Buren,4,Doniphan,14
2018-08-27,Rock Bridge,8,Fatima,0
2018-08-27,Parkway North,7,Francis Howell North,4
2018-08-27,Ursuline Academy,6,Francis Howell North,2
2018-08-27,Holt,15,Ft. Zumwalt South,5
2018-08-27,Parkway West,1,Ft. Zumwalt West,3
2018-08-27,Ritenour,0,Ft. Zumwalt West,13
2018-08-27,Father Tolton,3,Fulton,4
2018-08-27,Alton,17,Gainesville,0
2018-08-27,Carl Junction,4,Glendale,8
2018-08-27,Humansville,1,Halfway,11
2018-08-27,Bowling Green,13,Hannibal,6
2018-08-27,St. Pius X (Kansas City),12,Hardin-Central,16
2018-08-27,Raytown,3,Harrisonville,18
2018-08-27,Odessa,11,Harrisonville,2
2018-08-27,Aurora,11,Hartville,12
2018-08-27,Northwestern (Mendon),2,Higbee,17
2018-08-27,St. Pius X (Festus),0,Hillsboro,15
2018-08-27,Smithville,0,Holden,11
2018-08-27,Park Hill,4,Holden,5
2018-08-27,Russellville,11,Jamestown,0
2018-08-27,Fredericktown,21,Jefferson (Festus),9
2018-08-27,McDonald County,13,Joplin,9
2018-08-27,Parkway South,9,Kirkwood,10
2018-08-27,Mehlville,1,Kirkwood,17
2018-08-27,Carrollton,2,Lawson,12
2018-08-27,Lee's Summit West,3,Lee's Summit North,1
2018-08-27,St. Charles,2,Lee's Summit North,6
2018-08-27,Pleasant Hill,3,Lee's Summit West,14
2018-08-27,Vienna,6,Linn,2
2018-08-27,West Plains,2,Logan-Rogersville,12
2018-08-27,Canton,15,Louisiana,1
2018-08-27,Notre Dame (St. Louis),3,Lutheran South,6
2018-08-27,Penney,2,Marceline,5
2018-08-27,La Plata,9,Marion County,1
2018-08-27,Parkway Central,0,Marquette,10
2018-08-27,Pattonville,0,Marquette,15
2018-08-27,North Nodaway,2,Maryville,3
2018-08-27,Ft. Zumwalt North,21,McCluer North,0
2018-08-27,Parkway South,15,Mehlville,0
2018-08-27,Summit Christian Academy,0,Mid-Buchanan,10
2018-08-27,Schuyler County,6,Moberly,0
2018-08-27,Mark Twain,1,Monroe City,17
2018-08-27,Webb City,19,Nevada,1
2018-08-27,Westran,15,Newburg,0
2018-08-27,DeKalb,21,Norborne,8
2018-08-27,Grandview,3,North Kansas City,13
2018-08-27,Dora,1,Norwood,8
2018-08-27,North Shelby,28,Novinger,16
2018-08-27,Raytown,0,Odessa,16
2018-08-27,Elsberry,21,Orchard Farm,10
2018-08-27,Eldon,7,Osage,9
2018-08-27,Belle,5,Owensville,7
2018-08-27,St. Joseph's Academy,6,Pacific,2
2018-08-27,Pattonville,1,Parkway Central,3
2018-08-27,Ursuline Academy,6,Parkway North,10
2018-08-27,Ritenour,3,Parkway West,8
2018-08-27,Central (Cape Girardeau),1,Perryville,12
2018-08-27,Harrisburg,0,Pilot Grove,10
2018-08-27,William Chrisman,0,Platte County,20
2018-08-27,Notre Dame de Sion,0,Platte County,9
2018-08-27,North County,4,Poplar Bluff,9
2018-08-27,Scotland County,8,Putnam County,17
2018-08-27,Reeds Spring,10,Republic,12
2018-08-27,Dixon,13,Richland,8
2018-08-27,St. Joseph's Academy,2,Rockwood Summit,6
2018-08-27,Ladue Horton Watkins,7,Rosati-Kain,22
2018-08-27,St. James,11,Salem,7
2018-08-27,Willow Springs,12,Smithville,0
2018-08-27,Lexington,0,Sherwood,4
2018-08-27,Northeast Nodaway,9,St. James,7
2018-08-27,Knox County,3,South Shelby,1
2018-08-27,Ft. Zumwalt East,0,St. Charles,6
2018-08-27,California,3,Van-Far,2
2018-08-27,Benton,12,St. Teresa's Academy,3
2018-08-27,North Platte,1,Vienna,11
2018-08-27,Pleasant Hill,9,St. Charles,8
2018-08-27,East Carter,2,St. Clair,4
2018-08-27,Calvary Lutheran,10,Van-Far,2
2018-08-27,Clopton,8,Veritas Christian Academy,2
2018-08-27,El Dorado Springs,0,Walnut Grove,12
2018-08-27,Savannah,0,Warrensburg,15
2018-08-27,Trinity Catholic,0,Westminster Christian Academy,10
2018-08-27,Bevier,7,Westran,21
2018-08-27,Notre Dame de Sion,9,William Chrisman,10
2018-08-27,Webb City,7,Windsor (Imperial),4
2018-08-27,Fort Osage,24,Winnetonka,4
2018-08-28,Vienna,12,Albany,2
2018-08-28,Logan-Rogersville,12,Aurora,4
2018-08-28,California,12,Belle,1
2018-08-28,Park Hill,10,Belton,9
2018-08-28,Smithville,12,Belton,2
2018-08-28,Centralia,0,Blair Oaks,7
2018-08-28,Central (St. Joseph),3,Blue Springs,6
2018-08-28,Highland,0,Bowling Green,7
2018-08-28,Hillcrest,2,Camdenton,8
2018-08-28,Excelsior Springs,1,Cameron,10
2018-08-28,Seneca,8,Carthage,10
2018-08-28,Nevada,10,Cassville,2
2018-08-28,Kelly,3,Chaffee,8
2018-08-28,Warrensburg,19,Clinton,2
2018-08-28,Canton,12,Clopton,2
2018-08-28,Bakersfield,31,Couch,6
2018-08-28,Westran,2,Crocker,8
2018-08-28,North County,1,DeSoto,0
2018-08-28,Iberia,14,Dixon,4
2018-08-28,Willow Springs,11,East Carter,1
2018-08-28,McDonald County,4,East Newton,1
2018-08-28,Fulton,13,Eldon,0
2018-08-28,Versailles,0,Eugene,15
2018-08-28,Macks Creek,10,Fair Play,20
2018-08-28,Southern Boone,0,Fatima,6
2018-08-28,Farmington,11,Festus,0
2018-08-28,Troy Buchanan,15,Francis Howell,3
2018-08-28,Ft. Zumwalt East,12,Ft. Zumwalt North,5
2018-08-28,Ursuline Academy,1,Ft. Zumwalt West,4
2018-08-28,Parkway North,3,Ft. Zumwalt West,10
2018-08-28,Parkview,1,Glendale,16
2018-08-28,Meadville,8,Green City,2
2018-08-28,Hartville,2,Halfway,15
2018-08-28,Macon,19,Hallsville,2
2018-08-28,Lutheran South,21,Hancock,11
2018-08-28,William Chrisman,4,Harrisonville,14
2018-08-28,Battle,0,Helias Catholic,6
2018-08-28,Valley Park,13,Herculaneum,3
2018-08-28,Marion C. Early,19,Hermitage,10
2018-08-28,Union,3,Hillsboro,13
2018-08-28,Dadeville,1,Humansville,16
2018-08-28,Hazelwood Central,0,Incarnate Word Academy,15
2018-08-28,East Prairie,1,Jackson,16
2018-08-28,Maplewood-Richmond Hts.,20,Jennings,2
2018-08-28,Parkway Central,2,Kirkwood,17
2018-08-28,Marquette,14,Kirkwood,0
2018-08-28,Warsaw,9,Knob Noster,0
2018-08-28,Maryville,2,Lathrop,4
2018-08-28,Plattsburg,4,Lee's Summit,3
2018-08-28,Grain Valley,3,Liberty,2
2018-08-28,Timberland,8,Liberty (Wentzville),3
2018-08-28,Novinger,0,Marion County,15
2018-08-28,Parkway South,1,Marquette,11
2018-08-28,Mexico,7,Marshall,0
2018-08-28,Monett,14,Marshfield,2
2018-08-28,St. James,1,Mid-Buchanan,15
2018-08-28,Gallatin,12,Milan,1
2018-08-28,Hermann,1,Montgomery County,12
2018-08-28,Sikeston,13,Naylor,15
2018-08-28,Alton,0,Neelyville,10
2018-08-28,New Bloomfield,9,New Haven,3
2018-08-28,Laquey,19,Newburg,4
2018-08-28,Knox County,17,North Shelby,2
2018-08-28,Jefferson (Festus),3,Northwest (Cedar Hill),13
2018-08-28,Hardin-Central,13,Northwestern (Mendon),10
2018-08-28,Oak Park,2,Oak Grove,11
2018-08-28,Platte County,10,Odessa,0
2018-08-28,Warsaw,1,Owensville,7
2018-08-28,Louisiana,0,Palmyra,15
2018-08-28,Parkway South,13,Parkway Central,5
2018-08-28,Parkway West,1,Parkway North,5
2018-08-28,Ursuline Academy,4,Parkway West,5
2018-08-28,Brookfield,1,Penney,11
2018-08-28,Kearney,0,Raymore-Peculiar,9
2018-08-28,Notre Dame de Sion,17,Raytown,1
2018-08-28,Lamar,2,Reeds Spring,4
2018-08-28,Buffalo,2,Republic,12
2018-08-28,Lawson,1,Richmond,0
2018-08-28,McCluer North,15,Riverview Gardens,0
2018-08-28,Fox,7,Rockwood Summit,12
2018-08-28,Cuba,6,Rolla,22
2018-08-28,Harrisburg,4,Russellville,11
2018-08-28,Carrollton,0,Schuyler County,13
2018-08-28,Clark County,2,Schuyler County,4
2018-08-28,Holt,10,Seckman,8
2018-08-28,Worth County,1,Silex,14
2018-08-28,Bolivar,19,Savannah,0
2018-08-28,North Callaway,1,Slater,2
2018-08-28,Cor Jesu Academy,13,St. Dominic,14
2018-08-28,Vienna,12,St. James,5
2018-08-28,Butler,4,St. Michael the Archangel,5
2018-08-28,St. Joseph's Academy,2,Webb City,8
2018-08-28,Raytown South,0,Summit Christian Academy,7
2018-08-28,Putnam County,0,Trenton,3
2018-08-28,Rosati-Kain,18,Trinity Catholic,0
2018-08-28,Osage,13,Tuscumbia,0
2018-08-28,St. Clair,6,Van Buren,7
2018-08-28,Bishop DuBourg,16,Veritas Christian Academy,2
2018-08-28,Wheatland,1,Walnut Grove,11
2018-08-28,Ft. Zumwalt South,1,Washington,3
2018-08-28,Kickapoo,22,Waynesville,1
2018-08-28,Ozark,11,West Plains,1
2018-08-28,St. Pius X (Kansas City),2,West Platte,5
2018-08-28,Lebanon,1,Willard,5
2018-08-28,Warrenton,13,Winfield,14
2018-08-29,Oak Park,7,Belton,8
2018-08-29,Bayless,1,Brentwood,18
2018-08-29,Oakville,5,Fox,3
2018-08-29,Pleasant Hill,12,Grain Valley,18
2018-08-29,Mark Twain,1,Hallsville,8
2018-08-29,Oak Grove,8,Holden,5
2018-08-29,Parkway North,8,Kirkwood,13
2018-08-29,Smithville,5,Lee's Summit,0
2018-08-29,Oak Park,0,Lee's Summit,12
2018-08-29,Liberty,5,Lee's Summit North,1
2018-08-29,Raymore-Peculiar,3,Lee's Summit West,4
2018-08-29,Kearney,0,Liberty,9
2018-08-29,Clayton,0,Nerinx Hall,18
2018-08-29,Fort Osage,16,North Kansas City,1
2018-08-29,Chaffee,0,Notre Dame (Cape Girardeau),8
2018-08-29,Plattsburg,1,Oak Grove,2
2018-08-29,Platte County,10,Odessa,0
2018-08-29,Plattsburg,1,Park Hill,11
2018-08-29,Grain Valley,0,Raymore-Peculiar,5
2018-08-29,Holt,10,Seckman,8
2018-08-29,Lafayette (St. Joseph),4,St. Teresa's Academy,2
2018-08-29,Blue Springs,0,Staley,7
2018-08-29,Kearney,4,St. Charles,6
2018-08-29,Bishop DuBourg,0,Valley Park,10
2018-08-29,Grandview,3,Winnetonka,19
2018-08-30,Pattonsburg,1,Albany,16
2018-08-30,Louisiana,0,Bowling Green,7
2018-08-30,Bayless,1,Brentwood,15
2018-08-30,South Shelby,4,Brookfield,7
2018-08-30,Russellville,1,California,5
2018-08-30,Knox County,0,Canton,3
2018-08-30,Lathrop,2,Carrollton,1
2018-08-30,Blue Springs,6,Central (St. Joseph),3
2018-08-30,Van Buren,4,Chaffee,17
2018-08-30,Scotland County,9,Clark County,19
2018-08-30,Wellsville-Middletown,0,Clopton,1
2018-08-30,Northeast Nodaway,3,East Buchanan,16
2018-08-30,Kelly,2,East Carter,3
2018-08-30,Winnetonka,4,Excelsior Springs,5
2018-08-30,North County,7,Farmington,5
2018-08-30,Lindbergh,11,Fox,5
2018-08-30,Francis Howell,4,Francis Howell Central,5
2018-08-30,Ritenour,3,Francis Howell North,4
2018-08-30,Pattonville,5,Francis Howell North,4
2018-08-30,Liberty (Wentzville),17,Ft. Zumwalt East,1
2018-08-30,Ft. Zumwalt North,5,Ft. Zumwalt South,12
2018-08-30,Marquette,1,Ft. Zumwalt West,0
2018-08-30,Polo,2,Gallatin,1
2018-08-30,Lexington,15,Hardin-Central,0
2018-08-30,Community,16,Hermann,1
2018-08-30,Troy Buchanan,3,Holt,4
2018-08-30,Hillsboro,15,Incarnate Word Academy,6
2018-08-30,Moberly,6,Kirksville,12
2018-08-30,Parkway North,8,Kirkwood,13
2018-08-30,Higbee,1,La Plata,12
2018-08-30,Chillicothe,4,Lawson,14
2018-08-30,Mansfield,11,Lebanon,17
2018-08-30,Westran,6,Madison,9
2018-08-30,Palmyra,11,Mark Twain,0
2018-08-30,Trenton,9,Maysville,0
2018-08-30,Pattonville,15,Mehlville,0
2018-08-30,Ritenour,9,Mehlville,1
2018-08-30,Webb City,5,Monett,4
2018-08-30,East Prairie,0,Naylor,12
2018-08-30,Reeds Spring,8,Nevada,4
2018-08-30,Salem,0,New Franklin,20
2018-08-30,Bolivar,4,Nixa,7
2018-08-30,Lafayette (St. Joseph),10,North Platte,3
2018-08-30,Brashear,14,North Shelby,0
2018-08-30,St. Joseph's Academy,13,Notre Dame (St. Louis),5
2018-08-30,Northwest (Cedar Hill),12,Pacific,2
2018-08-30,Ursuline Academy,4,Parkway Central,2
2018-08-30,Parkway West,1,Parkway South,8
2018-08-30,Jackson,5,Perryville,2
2018-08-30,Sikeston,2,Poplar Bluff,4
2018-08-30,Milan,1,Putnam County,11
2018-08-30,Ruskin,0,Raytown South,15
2018-08-30,Montgomery County,4,Silex,8
2018-08-30,Princeton,4,St. Elizabeth,5
2018-08-30,Mid-Buchanan,14,St. Pius X (Kansas City),2
2018-08-30,Maplewood-Richmond Hts.,0,Valley Park,23
2018-08-30,Notre Dame (Cape Girardeau),3,Van Buren,9
2018-08-30,North Callaway,3,Van-Far,1
2018-08-30,Knob Noster,13,Versailles,0
2018-08-30,Timberland,3,Washington,5
2018-08-30,Oakville,3,Webster Groves,1
2018-08-30,Orchard Farm,2,Winfield,12
2018-08-30,Tri-County,17,Winston,6
2018-08-30,North Nodaway,9,Worth County,8
2018-08-30,Elsberry,13,Wright City,0
2018-08-31,Parkway North,12,Affton,11
2018-08-31,Union,9,Affton,2
2018-08-31,Hancock,22,Bayless,0
2018-08-31,St. Joseph's Academy,6,Bishop DuBourg,2
2018-08-31,Eugene,1,Blair Oaks,3
2018-08-31,Park Hill South,4,Blue Springs,5
2018-08-31,Carl Junction,1,Blue Springs,16
2018-08-31,Seneca,1,Blue Springs,12
2018-08-31,Savannah,0,Blue Springs South,15
2018-08-31,Battle,0,Blue Springs South,3
2018-08-31,Maplewood-Richmond Hts.,0,Brentwood,10
2018-08-31,Park Hill South,11,Carl Junction,9
2018-08-31,Seneca,10,Carl Junction,2
2018-08-31,Nevada,0,Carthage,5
2018-08-31,Staley,7,Carthage,0
2018-08-31,Webb City,7,Carthage,5
2018-08-31,East Carter,3,Central (Cape Girardeau),0
2018-08-31,Ladue Horton Watkins,22,Clayton,7
2018-08-31,Iberia,10,Crocker,9
2018-08-31,East Carter,4,DeSoto,5
2018-08-31,Central (Cape Girardeau),2,DeSoto,11
2018-08-31,Westran,9,Dixon,5
2018-08-31,Lindbergh,15,Francis Howell,5
2018-08-31,Jackson,4,Francis Howell,5
2018-08-31,Pattonville,6,Francis Howell North,12
2018-08-31,Veritas Christian Academy,2,Ft. Zumwalt North,13
2018-08-31,Lebanon,2,Hartville,4
2018-08-31,Walnut Grove,10,Hermitage,0
2018-08-31,Ft. Zumwalt West,2,Holt,7
2018-08-31,Rock Bridge,14,Joplin,4
2018-08-31,Neosho,6,Joplin,0
2018-08-31,Lamar,7,Joplin,8
2018-08-31,Notre Dame (Cape Girardeau),2,Kelly,4
2018-08-31,West County,2,Kelly,8
2018-08-31,Parkway South,0,Lafayette (Wildwood),1
2018-08-31,Rock Bridge,9,Lamar,0
2018-08-31,Neosho,17,Lamar,2
2018-08-31,St. Dominic,9,Liberty (Wentzville),5
2018-08-31,Kirkwood,17,Mehlville,3
2018-08-31,St. Clair,8,Naylor,0
2018-08-31,Rock Bridge,21,Neosho,2
2018-08-31,Staley,6,Neosho,1
2018-08-31,Webb City,13,Nevada,9
2018-08-31,Staley,6,Nevada,1
2018-08-31,Bolivar,4,Nixa,7
2018-08-31,Smithville,0,Norwood,11
2018-08-31,Warrensburg,15,Notre Dame de Sion,4
2018-08-31,Kickapoo,4,Ozark,1
2018-08-31,Seneca,2,Park Hill South,7
2018-08-31,Cor Jesu Academy,4,Parkway North,6
2018-08-31,Laquey,5,Richland,12
2018-08-31,Westminster Christian Academy,10,Rosati-Kain,7
2018-08-31,Winfield,13,Silex,0
2018-08-31,Battle,10,Savannah,2
2018-08-31,Cor Jesu Academy,3,Union,2
2018-08-31,Butler,0,Weaubleau,6
2018-08-31,Staley,5,Webb City,0
2018-08-31,Notre Dame (Cape Girardeau),18,West County,1
2018-08-31,Elsberry,13,Wright City,0
2018-09-01,Jackson,7,Affton,3
2018-09-01,Cor Jesu Academy,11,Affton,5
2018-09-01,Gateway Science Charter,16,Bayless,17
2018-09-01,Rock Bridge,1,Blue Springs,8
2018-09-01,Staley,11,Blue Springs,1
2018-09-01,Mexico,1,Blue Springs,7
2018-09-01,Helias Catholic,1,Blue Springs South,3
2018-09-01,Mexico,1,Blue Springs South,7
2018-09-01,Osage,2,Calvary Lutheran,3
2018-09-01,Joplin,8,Carl Junction,9
2018-09-01,Nevada,3,Carl Junction,0
2018-09-01,Neosho,5,Carthage,1
2018-09-01,Seneca,4,Carthage,8
2018-09-01,West County,10,Central (Cape Girardeau),8
2018-09-01,Kelly,3,DeSoto,1
2018-09-01,Chaffee,3,DeSoto,5
2018-09-01,Neelyville,2,Dora,7
2018-09-01,Mansfield,5,Dora,10
2018-09-01,Van Buren,1,East Carter,13
2018-09-01,Notre Dame (Cape Girardeau),3,East Carter,1
2018-09-01,Helias Catholic,12,Eldon,0
2018-09-01,Battle,5,Eldon,3
2018-09-01,Parkway North,6,Francis Howell,11
2018-09-01,Lindbergh,15,Jackson,2
2018-09-01,Lamar,3,Joplin,18
2018-09-01,Chaffee,6,Kelly,2
2018-09-01,Nevada,8,Lamar,5
2018-09-01,Cor Jesu Academy,9,Lindbergh,12
2018-09-01,Neelyville,9,Mansfield,0
2018-09-01,St. Michael the Archangel,0,Marshall,10
2018-09-01,Helias Catholic,2,Mexico,3
2018-09-01,Eldon,1,Mexico,11
2018-09-01,Battle,0,Mexico,9
2018-09-01,Staley,6,Park Hill South,0
2018-09-01,Rock Bridge,9,Park Hill South,8
2018-09-01,Union,10,Parkway North,5
2018-09-01,Webb City,11,Seneca,4
2018-09-01,Helias Catholic,10,Savannah,0
2018-09-01,Notre Dame (Cape Girardeau),11,Van Buren,2
2018-09-01,Neosho,8,Webb City,16
2018-09-01,Notre Dame (Cape Girardeau),2,West County,9
2018-09-03,Fulton,4,Hannibal,3
2018-09-03,Richmond,1,Lexington,2
2018-09-03,El Dorado Springs,0,Nevada,10
2018-09-03,Clinton,0,Pleasant Hill,21
2018-09-03,Putnam County,5,Schuyler County,3
2018-09-03,Father Tolton,2,Southern Boone,3
2018-09-04,Gainesville,15,Alton,4
2018-09-04,La Plata,5,Atlanta,3
2018-09-04,Monett,11,Aurora,0
2018-09-04,Salem,1,Ava,3
2018-09-04,Newburg,0,Belle,15
2018-09-04,William Chrisman,0,Belton,6
2018-09-04,Linn County,5,Bevier,15
2018-09-04,Blue Springs South,10,Blue Springs,1
2018-09-04,Nevada,2,Bolivar,12
2018-09-04,Osage,6,Boonville,2
2018-09-04,Madison,4,Brashear,2
2018-09-04,Warsaw,16,Butler,0
2018-09-04,Eugene,11,Calvary Lutheran,0
2018-09-04,Maryville,6,Cameron,0
2018-09-04,Carl Junction,4,Carthage,5
2018-09-04,Logan-Rogersville,14,Cassville,2
2018-09-04,Highland,1,Centralia,3
2018-09-04,Lafayette (St. Joseph),6,Chillicothe,10
2018-09-04,Naylor,18,Couch,0
2018-09-04,Tuscumbia,2,Crocker,17
2018-09-04,Herculaneum,1,DeSoto,12
2018-09-04,St. Clair,1,Doniphan,11
2018-09-04,Bakersfield,2,Dora,17
2018-09-04,Marshfield,3,East Newton,11
2018-09-04,East Carter,10,East Prairie,0
2018-09-04,California,6,Eldon,2
2018-09-04,Bowling Green,16,Elsberry,3
2018-09-04,Dadeville,1,Fair Play,16
2018-09-04,Linn,0,Father Tolton,11
2018-09-04,Jefferson City,12,Fatima,2
2018-09-04,Seckman,19,Fox,2
2018-09-04,Ft. Zumwalt West,11,Francis Howell,1
2018-09-04,Holt,12,Francis Howell North,2
2018-09-04,Washington,9,Ft. Zumwalt North,1
2018-09-04,Harrisburg,12,Glasgow,0
2018-09-04,Ruskin,0,Grandview,15
2018-09-04,Parkway South,1,Hazelwood West,0
2018-09-04,Union,15,Hermann,0
2018-09-04,Weaubleau,18,Hermitage,3
2018-09-04,Central (Springfield),0,Hillcrest,15
2018-09-04,Festus,4,Hillsboro,0
2018-09-04,Richland,2,Iberia,12
2018-09-04,Webb City,12,Joplin,1
2018-09-04,Smithville,2,Kearney,9
2018-09-04,North County,6,Kelly,8
2018-09-04,Mexico,12,Kirksville,0
2018-09-04,Marion County,0,Knox County,15
2018-09-04,Kirkwood,2,Lafayette (Wildwood),3
2018-09-04,Carrollton,11,Lafayette County,4
2018-09-04,Lee's Summit,2,Lee's Summit West,12
2018-09-04,Plattsburg,3,Lexington,0
2018-09-04,Central (St. Joseph),0,Liberty,6
2018-09-04,Ft. Zumwalt South,0,Liberty (Wentzville),10
2018-09-04,St. Charles,8,Liberty North,4
2018-09-04,Silex,13,Louisiana,8
2018-09-04,Parkway North,4,Lutheran South,14
2018-09-04,Brookfield,3,Macon,8
2018-09-04,Bayless,7,Maplewood-Richmond Hts.,19
2018-09-04,South Shelby,2,Marceline,10
2018-09-04,St. Elizabeth,0,Maysville,7
2018-09-04,Webster Groves,17,Mehlville,0
2018-09-04,Hannibal,5,Moberly,1
2018-09-04,Clark County,1,Monroe City,4
2018-09-04,Mark Twain,7,Montgomery County,11
2018-09-04,Notre Dame (Cape Girardeau),21,Neelyville,4
2018-09-04,Republic,15,Neosho,5
2018-09-04,St. Joseph's Academy,17,Nerinx Hall,5
2018-09-04,Northeast (Cairo),15,New Franklin,2
2018-09-04,St. Clair,11,New Haven,12
2018-09-04,Willard,2,Nixa,7
2018-09-04,Hardin-Central,1,Norborne,10
2018-09-04,McCluer South-Berkeley,39,Normandy Collaborative,11
2018-09-04,Albany,12,North Andrew,9
2018-09-04,Wright City,0,North Callaway,4
2018-09-04,Oakville,7,Northwest (Cedar Hill),6
2018-09-04,Green City,22,Novinger,0
2018-09-04,North Kansas City,2,Oak Park,14
2018-09-04,Excelsior Springs,10,Odessa,12
2018-09-04,Branson,5,Ozark,9
2018-09-04,St. James,0,Pacific,15
2018-09-04,Lee's Summit North,15,Park Hill,1
2018-09-04,Staley,1,Park Hill South,2
2018-09-04,Buffalo,20,Parkview,1
2018-09-04,Rockwood Summit,6,Parkway Central,2
2018-09-04,Hazelwood Central,5,Pattonville,9
2018-09-04,Community,0,Pilot Grove,2
2018-09-04,Grain Valley,2,Platte County,4
2018-09-04,Chaffee,3,Poplar Bluff,4
2018-09-04,Fort Osage,14,Raytown,0
2018-09-04,McDonald County,3,Reeds Spring,1
2018-09-04,McCluer,7,Riverview Gardens,12
2018-09-04,Battle,0,Rock Bridge,16
2018-09-04,Vienna,1,Russellville,0
2018-09-04,Hallsville,2,Schuyler County,12
2018-09-04,Marion C. Early,16,Smithville,5
2018-09-04,Perryville,6,Sikeston,10
2018-09-04,Fulton,10,Slater,9
2018-09-04,Helias Catholic,2,St. Joseph's Academy,0
2018-09-04,Salem,0,Worth County,15
2018-09-04,Owensville,1,Webb City,10
2018-09-04,Ft. Zumwalt East,4,Timberland,7
2018-09-04,Princeton,0,Trenton,5
2018-09-04,Lutheran St. Charles,24,Trinity Catholic,7
2018-09-04,Francis Howell Central,1,Troy Buchanan,2
2018-09-04,Jennings,9,University City,23
2018-09-04,St. Dominic,7,Ursuline Academy,8
2018-09-04,Brentwood,8,Valley Park,9
2018-09-04,Rosati-Kain,20,Veritas Christian Academy,7
2018-09-04,Macks Creek,3,Versailles,8
2018-09-04,Humansville,1,Walnut Grove,12
2018-09-04,St. Charles,10,Warrenton,9
2018-09-04,Lebanon,17,Waynesville,1
2018-09-04,Van-Far,24,Wellsville-Middletown,5
2018-09-04,Camdenton,8,West Plains,2
2018-09-04,St. Michael the Archangel,1,West Platte,11
2018-09-04,Hartville,0,Willow Springs,10
2018-09-04,Jefferson (Festus),3,Windsor (Imperial),11
2018-09-04,Clopton,3,Winfield,6
2018-09-04,Raytown South,1,Winnetonka,11
2018-09-04,Mercer,7,Winston,5
2018-09-05,Nerinx Hall,5,Bishop DuBourg,10
2018-09-05,Eugene,0,Blair Oaks,4
2018-09-05,Jefferson (Festus),6,Chaffee,15
2018-09-05,Fox,7,DeSoto,0
2018-09-05,Hillsboro,4,Farmington,0
2018-09-05,Lafayette (Wildwood),3,Francis Howell,7
2018-09-05,Hazelwood West,2,Francis Howell Central,12
2018-09-05,Walnut Grove,4,Glendale,5
2018-09-05,Mark Twain,1,Hallsville,9
2018-09-05,Ladue Horton Watkins,3,Hancock,10
2018-09-05,Humansville,3,Hermitage,4
2018-09-05,Central (Cape Girardeau),2,Jackson,12
2018-09-05,Helias Catholic,0,Jefferson City,1
2018-09-05,Brentwood,16,Jennings,10
2018-09-05,Doniphan,4,Kelly,3
2018-09-05,Parkway South,7,Kirkwood,6
2018-09-05,Iberia,19,Lebanon,8
2018-09-05,Bolivar,13,Marshfield,5
2018-09-05,Herculaneum,0,North County,15
2018-09-05,Eureka,18,Northwest (Cedar Hill),8
2018-09-05,McCluer North,0,Orchard Farm,15
2018-09-05,Rockwood Summit,4,Parkway West,3
2018-09-05,Lindbergh,22,Pattonville,5
2018-09-05,North Callaway,0,Rock Bridge,11
2018-09-05,Penney,10,Savannah,0
2018-09-05,Veritas Christian Academy,2,St. Dominic,17
2018-09-05,Rolla,21,St. James,3
2018-09-05,Dixon,15,Warsaw,12
2018-09-05,Oakville,13,Ursuline Academy,5
2018-09-05,St. Pius X (Festus),1,Valley Park,6
2018-09-05,Fredericktown,6,Van Buren,5
2018-09-05,Knob Noster,13,Versailles,0
2018-09-05,Weaubleau,0,Warsaw,10
2018-09-05,Ft. Zumwalt West,5,Washington,12
2018-09-05,New Haven,7,Wellsville-Middletown,0
2018-09-05,St. Joseph's Academy,6,Westminster Christian Academy,7
2018-09-05,Westran,1,Wheatland,2
2018-09-05,Bayless,0,Windsor (Imperial),27
2018-09-06,Fatima,7,Battle,8
2018-09-06,Linn,5,Belle,1
2018-09-06,St. Pius X (Kansas City),1,Benton,11
2018-09-06,Trinity Catholic,0,Bishop DuBourg,15
2018-09-06,Eldon,8,Blair Oaks,12
2018-09-06,New Franklin,1,Boonville,16
2018-09-06,Mark Twain,0,Bowling Green,10
2018-09-06,Warsaw,12,Buffalo,3
2018-09-06,Calvary Lutheran,4,California,0
2018-09-06,Nixa,11,Carthage,0
2018-09-06,Naylor,6,Central (Cape Girardeau),3
2018-09-06,Macks Creek,16,Central (Springfield),0
2018-09-06,Riverview Gardens,17,Clayton,28
2018-09-06,Halfway,20,Climax Springs,1
2018-09-06,Elsberry,3,Clopton,1
2018-09-06,Notre Dame (St. Louis),0,Cor Jesu Academy,3
2018-09-06,Marion C. Early,18,Dadeville,1
2018-09-06,Notre Dame (Cape Girardeau),13,DeSoto,2
2018-09-06,East Prairie,1,Doniphan,11
2018-09-06,Hartville,1,Dora,12
2018-09-06,Butler,4,El Dorado Springs,2
2018-09-06,Harrisonville,8,Excelsior Springs,7
2018-09-06,Centralia,1,Father Tolton,4
2018-09-06,Francis Howell North,3,Francis Howell,5
2018-09-06,Holt,8,Francis Howell Central,3
2018-09-06,North County,15,Fredericktown,1
2018-09-06,Washington,7,Ft. Zumwalt East,1
2018-09-06,Timberland,12,Ft. Zumwalt South,2
2018-09-06,Troy Buchanan,4,Ft. Zumwalt West,3
2018-09-06,Kirksville,3,Fulton,12
2018-09-06,Trenton,7,Gallatin,0
2018-09-06,Camdenton,13,Glendale,4
2018-09-06,Kearney,15,Grandview,0
2018-09-06,Maplewood-Richmond Hts.,0,Hancock,15
2018-09-06,Salem,2,Hardin-Central,17
2018-09-06,Ava,3,Hillcrest,6
2018-09-06,Wheatland,13,Humansville,4
2018-09-06,Herculaneum,10,Jefferson (Festus),9
2018-09-06,Normandy Collaborative,13,Jennings,13
2018-09-06,Branson,0,Joplin,6
2018-09-06,Kickapoo,14,Lebanon,3
2018-09-06,Liberty,15,Lee's Summit,3
2018-09-06,Belton,1,Lee's Summit North,14
2018-09-06,Holden,8,Lexington,0
2018-09-06,Ft. Zumwalt North,3,Liberty (Wentzville),5
2018-09-06,Reeds Spring,0,Logan-Rogersville,3
2018-09-06,Rosati-Kain,8,Lutheran St. Charles,1
2018-09-06,Norwood,8,Mansfield,2
2018-09-06,La Plata,4,Marceline,7
2018-09-06,Bolivar,13,Marshfield,5
2018-09-06,McCluer South-Berkeley,25,McCluer,4
2018-09-06,Ladue Horton Watkins,14,McCluer North,10
2018-09-06,Aurora,0,McDonald County,10
2018-09-06,Plattsburg,5,Mid-Buchanan,0
2018-09-06,East Newton,5,Monett,6
2018-09-06,St. Clair,6,Neelyville,7
2018-09-06,Willard,3,Neosho,2
2018-09-06,Russellville,2,New Bloomfield,3
2018-09-06,Owensville,5,New Haven,7
2018-09-06,Dixon,26,Newburg,5
2018-09-06,Tri-County,0,North Harrison,7
2018-09-06,Raytown,12,North Kansas City,3
2018-09-06,Marquette,5,Oakville,6
2018-09-06,Versailles,0,Osage,11
2018-09-06,Rolla,15,Parkview,0
2018-09-06,Northwest (Cedar Hill),12,Parkway Central,0
2018-09-06,Hazelwood Central,3,Parkway North,13
2018-09-06,Lindbergh,12,Parkway South,15
2018-09-06,Hazelwood West,0,Parkway West,2
2018-09-06,Mehlville,2,Pattonville,17
2018-09-06,Lawson,1,Penney,6
2018-09-06,Hillsboro,5,Perryville,1
2018-09-06,Oak Grove,11,Pleasant Hill,5
2018-09-06,Platte County,12,Raytown South,2
2018-09-06,Laquey,11,Richland,20
2018-09-06,Lafayette County,2,Richmond,3
2018-09-06,Affton,2,Ritenour,3
2018-09-06,Eureka,1,Rockwood Summit,0
2018-09-06,Cameron,7,Savannah,6
2018-09-06,Westran,7,Scotland County,12
2018-09-06,Lafayette (Wildwood),3,Seckman,6
2018-09-06,Marshall,10,Savannah,0
2018-09-06,Winnetonka,1,Smithville,17
2018-09-06,Winfield,2,St. Charles,14
2018-09-06,Pacific,16,St. Clair,6
2018-09-06,Eugene,6,Van-Far,2
2018-09-06,Rock Bridge,2,St. Joseph's Academy,6
2018-09-06,Hermann,0,St. James,14
2018-09-06,Festus,15,St. Pius X (Festus),2
2018-09-06,Park Hill,13,St. Teresa's Academy,0
2018-09-06,Slater,17,Tuscumbia,1
2018-09-06,Webb City,9,Union,0
2018-09-06,Louisiana,0,Van-Far,16
2018-09-06,Salem,6,Vienna,7
2018-09-06,Odessa,1,Warrensburg,11
2018-09-06,Orchard Farm,4,Warrenton,0
2018-09-06,West Plains,12,Waynesville,5
2018-09-06,Kirkwood,4,Webster Groves,5
2018-09-06,North Callaway,8,Wellsville-Middletown,2
2018-09-06,Lutheran South,6,West County,0
2018-09-06,Incarnate Word Academy,8,Westminster Christian Academy,2
2018-09-06,Bakersfield,1,Willow Springs,12
2018-09-06,Montgomery County,1,Wright City,10
2018-09-07,Westminster Christian Academy,11,Affton,13
2018-09-07,Fair Play,0,Aurora,15
2018-09-07,University City,7,Bayless,7
2018-09-07,Iberia,11,Belle,7
2018-09-07,Mehlville,0,Cor Jesu Academy,16
2018-09-07,Dadeville,6,Dora,21
2018-09-07,Willow Springs,2,East Newton,1
2018-09-07,Webster Groves,2,Eureka,7
2018-09-07,Weaubleau,4,Halfway,5
2018-09-07,Fatima,0,Helias Catholic,7
2018-09-07,Norwood,11,Laquey,1
2018-09-07,Nixa,1,Lee's Summit West,3
2018-09-07,Nixa,0,Logan-Rogersville,10
2018-09-07,Francis Howell North,2,Marquette,12
2018-09-07,Worth County,3,New Bloomfield,10
2018-09-07,Richmond,3,Nixa,4
2018-09-07,Parkway Central,0,Notre Dame (St. Louis),10
2018-09-07,Francis Howell Central,11,Parkway North,1
2018-09-07,Willow Springs,4,Platte County,17
2018-09-07,Pattonville,5,Ritenour,2
2018-09-07,Willow Springs,6,Rolla,4
2018-09-07,Bowling Green,12,Slater,0
2018-09-07,Wright City,3,St. Clair,5
2018-09-07,Ft. Zumwalt North,2,Timberland,13
2018-09-07,Liberty (Wentzville),4,Troy Buchanan,12
2018-09-08,Nixa,0,Platte County,6
2018-09-10,Pattonville,3,Affton,5
2018-09-10,East Carter,10,Alton,5
2018-09-10,Norwood,0,Ava,3
2018-09-10,Bishop DuBourg,18,Bayless,0
2018-09-10,Lathrop,4,Benton,3
2018-09-10,Lee's Summit North,10,Blue Springs,6
2018-09-10,Platte County,0,Blue Springs South,10
2018-09-10,Buffalo,0,Bolivar,4
2018-09-10,Marshall,3,Boonville,9
2018-09-10,Milan,1,Brookfield,11
2018-09-10,Hermann,1,Calvary Lutheran,17
2018-09-10,DeSoto,8,Chaffee,3
2018-09-10,Northeast (Cairo),9,Community,6
2018-09-10,Macks Creek,0,Crocker,10
2018-09-10,Bakersfield,1,Doniphan,16
2018-09-10,Joplin,2,East Newton,12
2018-09-10,Naylor,10,East Prairie,0
2018-09-10,Ft. Zumwalt East,10,Elsberry,16
2018-09-10,Lafayette (Wildwood),0,Eureka,8
2018-09-10,Parkway South,0,Eureka,6
2018-09-10,New Bloomfield,0,Father Tolton,10
2018-09-10,North Kansas City,1,Fort Osage,16
2018-09-10,Holt,14,Fox,5
2018-09-10,Webster Groves,8,Fox,9
2018-09-10,Lebanon,4,Fulton,11
2018-09-10,Lamar,11,Glendale,10
2018-09-10,Hallsville,11,Harrisburg,13
2018-09-10,Hancock,12,Herculaneum,0
2018-09-10,Louisiana,2,Highland,13
2018-09-10,Timberland,0,Hillsboro,5
2018-09-10,Lindbergh,3,Hillsboro,11
2018-09-10,Ritenour,7,Incarnate Word Academy,17
2018-09-10,Grain Valley,3,Kearney,4
2018-09-10,Macon,6,Kirksville,1
2018-09-10,Rockwood Summit,0,Kirkwood,6
2018-09-10,Marquette,5,Kirkwood,1
2018-09-10,Mid-Buchanan,3,Lafayette (St. Joseph),4
2018-09-10,Parkway South,3,Lafayette (Wildwood),10
2018-09-10,Lafayette County,2,Lawson,8
2018-09-10,St. Charles,6,Lee's Summit,1
2018-09-10,Raymore-Peculiar,2,Lee's Summit West,1
2018-09-10,Park Hill South,1,Liberty,4
2018-09-10,Central (St. Joseph),3,Liberty North,6
2018-09-10,Timberland,10,Lindbergh,8
2018-09-10,Southern Boone,3,Linn,4
2018-09-10,Branson,8,Logan-Rogersville,0
2018-09-10,Cor Jesu Academy,3,Lutheran South,13
2018-09-10,Central (Springfield),1,Mansfield,16
2018-09-10,Orchard Farm,15,Maplewood-Richmond Hts.,2
2018-09-10,Climax Springs,0,Marion C. Early,13
2018-09-10,Wellsville-Middletown,6,Marion County,9
2018-09-10,Clark County,15,Mark Twain,0
2018-09-10,Rockwood Summit,0,Marquette,13
2018-09-10,Cassville,4,Marshfield,14
2018-09-10,Worth County,0,Maryville,12
2018-09-10,Jennings,19,McCluer,13
2018-09-10,Neosho,2,McDonald County,3
2018-09-10,Hale,7,Meadville,0
2018-09-10,Ursuline Academy,17,Mehlville,0
2018-09-10,Princeton,23,Mercer,0
2018-09-10,Butler,0,Nevada,15
2018-09-10,Laquey,17,Newburg,18
2018-09-10,Hardin-Central,1,Norborne,10
2018-09-10,Cuba,2,North County,4
2018-09-10,North Harrison,7,North Nodaway,10
2018-09-10,Madison,16,North Shelby,7
2018-09-10,North Andrew,15,Northeast Nodaway,7
2018-09-10,Hazelwood West,1,Northwest (Cedar Hill),2
2018-09-10,Atlanta,20,Northwestern (Mendon),2
2018-09-10,Rosati-Kain,2,Notre Dame (St. Louis),0
2018-09-10,Bevier,22,Novinger,15
2018-09-10,St. Joseph's Academy,1,Oakville,11
2018-09-10,Fatima,12,Osage,1
2018-09-10,Clinton,0,Pleasant Hill,21
2018-09-10,Gallatin,0,Putnam County,7
2018-09-10,William Chrisman,7,Raytown,4
2018-09-10,Smithville,18,Raytown South,1
2018-09-10,Halfway,6,Richland,3
2018-09-10,Warsaw,15,Russellville,0
2018-09-10,Waynesville,1,Salem,16
2018-09-10,Pilot Grove,2,Schuyler County,6
2018-09-10,Cameron,7,Savannah,6
2018-09-10,Carl Junction,7,Seneca,8
2018-09-10,Hartville,12,Smithville,1
2018-09-10,Knob Noster,0,Sherwood,2
2018-09-10,Westminster Christian Academy,1,St. Charles,4
2018-09-10,Jefferson (Festus),9,St. Clair,8
2018-09-10,Plattsburg,20,St. Michael the Archangel,0
2018-09-10,Windsor (Imperial),11,St. Pius X (Festus),1
2018-09-10,Summit Christian Academy,15,St. Pius X (Kansas City),1
2018-09-10,Warsaw,8,Westran,12
2018-09-10,Rock Bridge,3,Webb City,1
2018-09-10,Penney,4,Trenton,3
2018-09-10,Blair Oaks,1,Troy Buchanan,3
2018-09-10,Sikeston,4,St. Clair,2
2018-09-10,Dora,10,Van Buren,0
2018-09-10,Harrisonville,7,Warrensburg,5
2018-09-10,St. Dominic,3,Warrenton,2
2018-09-10,St. Joseph's Academy,4,Washington,6
2018-09-10,Holt,9,Webster Groves,3
2018-09-10,St. James,1,West Platte,13
2018-09-10,Worth County,2,Westran,6
2018-09-10,Grandview,4,Winnetonka,8
2018-09-11,Meadville,0,Atlanta,10
2018-09-11,Glendale,10,Ava,18
2018-09-11,Valley Park,23,Bayless,0
2018-09-11,Richland,0,Belle,10
2018-09-11,Oak Park,1,Belton,11
2018-09-11,Buffalo,18,Butler,9
2018-09-11,Kickapoo,1,Camdenton,3
2018-09-11,Highland,1,Canton,3
2018-09-11,Neosho,11,Carl Junction,5
2018-09-11,Richmond,7,Carrollton,8
2018-09-11,Joplin,5,Carthage,15
2018-09-11,Monett,16,Cassville,4
2018-09-11,Rolla,16,Central (Springfield),0
2018-09-11,Mexico,3,Centralia,4
2018-09-11,East Carter,1,Chaffee,6
2018-09-11,Cameron,1,Chillicothe,10
2018-09-11,Westran,12,Climax Springs,0
2018-09-11,El Dorado Springs,11,Clinton,3
2018-09-11,Alton,19,Couch,1
2018-09-11,Waynesville,1,Crocker,11
2018-09-11,Vienna,12,Cuba,2
2018-09-11,St. Clair,14,East Prairie,0
2018-09-11,Van-Far,6,Elsberry,4
2018-09-11,Eldon,0,Eugene,10
2018-09-11,Fox,0,Eureka,6
2018-09-11,Marquette,9,Eureka,0
2018-09-11,Warrensburg,5,Excelsior Springs,0
2018-09-11,Hermitage,3,Fair Play,13
2018-09-11,Tuscumbia,0,Fatima,9
2018-09-11,New Franklin,0,Fayette,10
2018-09-11,DeSoto,3,Festus,5
2018-09-11,Timberland,13,Fox,14
2018-09-11,Ft. Zumwalt West,13,Francis Howell Central,5
2018-09-11,Ft. Zumwalt South,8,Ft. Zumwalt East,2
2018-09-11,Smithville,2,Gainesville,17
2018-09-11,Princeton,3,Gallatin,4
2018-09-11,Winnetonka,6,Grain Valley,16
2018-09-11,Raytown South,5,Grandview,8
2018-09-11,Westran,4,Harrisburg,14
2018-09-11,Pleasant Hill,11,Harrisonville,13
2018-09-11,Dixon,16,Hartville,9
2018-09-11,Ft. Zumwalt North,18,Hazelwood Central,3
2018-09-11,Pattonville,4,Hazelwood West,5
2018-09-11,Blair Oaks,1,Helias Catholic,3
2018-09-11,Perryville,21,Herculaneum,0
2018-09-11,Holt,10,Hillsboro,4
2018-09-11,Kirkwood,0,Hillsboro,13
2018-09-11,Weaubleau,10,Humansville,1
2018-09-11,Newburg,1,Iberia,15
2018-09-11,Seckman,6,Jackson,3
2018-09-11,Lafayette (Wildwood),2,Kirkwood,3
2018-09-11,Lexington,4,Knob Noster,7
2018-09-11,Scotland County,1,Knox County,12
2018-09-11,St. Pius X (Kansas City),0,Lafayette (St. Joseph),10
2018-09-11,Holt,8,Lafayette (Wildwood),7
2018-09-11,Holden,11,Lafayette County,1
2018-09-11,Aurora,2,Lamar,4
2018-09-11,Lee's Summit West,3,Lee's Summit North,0
2018-09-11,Norborne,19,Leeton,8
2018-09-11,New Bloomfield,1,Linn,2
2018-09-11,Green City,0,Linn County,1
2018-09-11,Wright City,12,Louisiana,8
2018-09-11,Incarnate Word Academy,5,Lutheran South,7
2018-09-11,Glasgow,0,Madison,14
2018-09-11,Marion C. Early,6,Mansfield,3
2018-09-11,Schuyler County,2,Marceline,5
2018-09-11,Silex,10,Mark Twain,0
2018-09-11,Timberland,3,Marquette,16
2018-09-11,Savannah,6,Maryville,4
2018-09-11,Northwest (Cedar Hill),26,Mehlville,2
2018-09-11,DeKalb,0,Mid-Buchanan,6
2018-09-11,Maysville,17,Milan,2
2018-09-11,Fulton,7,Moberly,2
2018-09-11,Hannibal,3,Monroe City,8
2018-09-11,Bowling Green,11,Montgomery County,0
2018-09-11,Naylor,6,Neelyville,7
2018-09-11,Jefferson (Festus),14,Nerinx Hall,0
2018-09-11,Logan-Rogersville,13,Nevada,6
2018-09-11,Union,11,New Haven,0
2018-09-11,Vienna,12,North Andrew,1
2018-09-11,Clopton,0,North Callaway,10
2018-09-11,Farmington,5,North County,6
2018-09-11,Poplar Bluff,1,Notre Dame (Cape Girardeau),3
2018-09-11,Raymore-Peculiar,16,Notre Dame de Sion,0
2018-09-11,Brashear,18,Novinger,1
2018-09-11,Odessa,1,Oak Grove,11
2018-09-11,St. Charles,5,Orchard Farm,3
2018-09-11,Hallsville,3,Osage,10
2018-09-11,St. James,3,Owensville,6
2018-09-11,Nixa,7,Ozark,0
2018-09-11,Hermann,1,Pacific,16
2018-09-11,Clark County,1,Palmyra,13
2018-09-11,Blue Springs South,4,Park Hill,6
2018-09-11,Liberty North,2,Park Hill South,8
2018-09-11,Lebanon,17,Parkview,2
2018-09-11,Worth County,0,Pilot Grove,6
2018-09-11,Putnam County,2,Polo,0
2018-09-11,Marshfield,0,Reeds Spring,9
2018-09-11,Branson,4,Republic,5
2018-09-11,McCluer South-Berkeley,11,Riverview Gardens,12
2018-09-11,Jefferson City,7,Rock Bridge,3
2018-09-11,Raytown,18,Ruskin,0
2018-09-11,McDonald County,2,Seneca,4
2018-09-11,Central (Cape Girardeau),15,Sikeston,9
2018-09-11,Community,21,Salem,0
2018-09-11,Platte County,7,Smithville,2
2018-09-11,Southern Boone,0,Slater,1
2018-09-11,Trenton,17,St. Elizabeth,0
2018-09-11,North Platte,19,St. James,4
2018-09-11,North Shelby,0,South Shelby,17
2018-09-11,Notre Dame (St. Louis),6,St. Dominic,7
2018-09-11,Russellville,4,Van-Far,0
2018-09-11,Father Tolton,4,St. Joseph's Academy,2
2018-09-11,Lee's Summit,0,Staley,3
2018-09-11,St. Clair,2,Webb City,17
2018-09-11,Veritas Christian Academy,12,Trinity Catholic,2
2018-09-11,Francis Howell North,0,Troy Buchanan,10
2018-09-11,Liberty,5,St. Charles,1
2018-09-11,McCluer,23,University City,17
2018-09-11,California,5,Versailles,2
2018-09-11,Halfway,3,Walnut Grove,5
2018-09-11,Sherwood,6,Warsaw,7
2018-09-11,Liberty (Wentzville),3,Washington,11
2018-09-11,Willow Springs,10,West Plains,3
2018-09-11,Summit Christian Academy,6,West Platte,2
2018-09-11,Lutheran St. Charles,2,Westminster Christian Academy,9
2018-09-11,Macks Creek,0,Wheatland,8
2018-09-11,Webb City,8,Willard,3
2018-09-11,Fort Osage,7,William Chrisman,5
2018-09-11,Albany,4,Worth County,1
2018-09-12,Westminster Christian Academy,11,Affton,13
2018-09-12,North Kansas City,4,Belton,5
2018-09-12,Lee's Summit West,1,Blue Springs South,2
2018-09-12,Kickapoo,22,Branson,6
2018-09-12,Kelly,12,Central (Cape Girardeau),10
2018-09-12,Nerinx Hall,1,Cor Jesu Academy,3
2018-09-12,Sikeston,1,Doniphan,3
2018-09-12,Hillsboro,3,Eureka,5
2018-09-12,Jackson,3,Farmington,1
2018-09-12,Kirkwood,6,Fox,11
2018-09-12,St. Dominic,5,Francis Howell Central,15
2018-09-12,Oakville,7,Ft. Zumwalt South,6
2018-09-12,Mehlville,2,Hancock,12
2018-09-12,Valley Park,13,Herculaneum,3
2018-09-12,Waynesville,2,Hillcrest,17
2018-09-12,Timberland,5,Lafayette (Wildwood),4
2018-09-12,Warsaw,10,Laquey,4
2018-09-12,North Platte,2,Lathrop,9
2018-09-12,Parkway South,5,Lindbergh,4
2018-09-12,Webster Groves,0,Lindbergh,10
2018-09-12,Moberly,5,Macon,15
2018-09-12,Holt,0,Marquette,1
2018-09-12,Boonville,0,Mexico,9
2018-09-12,Albany,12,North Andrew,9
2018-09-12,Windsor (Imperial),3,Northwest (Cedar Hill),8
2018-09-12,North County,2,Notre Dame (Cape Girardeau),12
2018-09-12,Parkway Central,0,Notre Dame (St. Louis),10
2018-09-12,St. Teresa's Academy,18,Notre Dame de Sion,1
2018-09-12,Staley,18,Oak Park,2
2018-09-12,Wright City,14,Orchard Farm,17
2018-09-12,Ursuline Academy,3,Parkway North,5
2018-09-12,Rockwood Summit,8,Parkway South,9
2018-09-12,Webster Groves,11,Rockwood Summit,5
2018-09-12,Bishop DuBourg,0,Rosati-Kain,11
2018-09-12,DeSoto,1,Seckman,12
2018-09-12,Ladue Horton Watkins,8,St. Joseph's Academy,9
2018-09-12,Butler,4,St. Michael the Archangel,5
2018-09-12,Rolla,7,Union,12
2018-09-12,Winfield,17,Veritas Christian Academy,5
2018-09-13,Parkway North,5,Affton,4
2018-09-13,Maryville,2,Benton,3
2018-09-13,Park Hill,1,Blue Springs,7
2018-09-13,Raymore-Peculiar,0,Blue Springs South,2
2018-09-13,Webb City,11,Branson,6
2018-09-13,Canton,9,Brashear,1
2018-09-13,Centralia,5,Brookfield,0
2018-09-13,Sherwood,18,Buffalo,2
2018-09-13,Clinton,0,Butler,15
2018-09-13,Southern Boone,6,California,0
2018-09-13,Jamestown,2,Calvary Lutheran,11
2018-09-13,Laquey,16,Central (Springfield),1
2018-09-13,University City,7,Clayton,19
2018-09-13,Wheatland,16,Climax Springs,0
2018-09-13,Montgomery County,12,Clopton,11
2018-09-13,Salem,12,Cuba,8
2018-09-13,Doniphan,4,Dora,2
2018-09-13,Lawson,8,East Buchanan,3
2018-09-13,Sikeston,15,East Prairie,5
2018-09-13,Osage,0,Eugene,10
2018-09-13,Seckman,4,Eureka,14
2018-09-13,Fredericktown,1,Farmington,8
2018-09-13,Herculaneum,0,Festus,15
2018-09-13,Ruskin,0,Fort Osage,15
2018-09-13,Francis Howell North,0,Francis Howell Central,10
2018-09-13,Washington,15,Ft. Zumwalt South,7
2018-09-13,Mexico,6,Fulton,1
2018-09-13,Ava,9,Gainesville,1
2018-09-13,Northeast (Cairo),21,Glasgow,0
2018-09-13,Bevier,7,Green City,12
2018-09-13,Northwestern (Mendon),10,Hale,11
2018-09-13,Fair Play,1,Halfway,9
2018-09-13,Slater,7,Hallsville,4
2018-09-13,Norwood,6,Hartville,2
2018-09-13,Ladue Horton Watkins,13,Hazelwood Central,4
2018-09-13,Trinity Catholic,1,Hazelwood West,16
2018-09-13,Ft. Zumwalt East,1,Hazelwood West,11
2018-09-13,New Haven,23,Hermann,7
2018-09-13,Kirksville,4,Highland,1
2018-09-13,Richmond,3,Holden,14
2018-09-13,Leeton,8,Humansville,0
2018-09-13,Perryville,0,Jefferson (Festus),3
2018-09-13,Riverview Gardens,15,Jennings,16
2018-09-13,Platte County,8,Kearney,6
2018-09-13,Poplar Bluff,0,Kickapoo,4
2018-09-13,Lee's Summit West,10,Kickapoo,0
2018-09-13,Oakville,6,Lafayette (Wildwood),1
2018-09-13,Knob Noster,4,Lafayette County,0
2018-09-13,Nevada,13,Lamar,3
2018-09-13,Central (St. Joseph),4,Lee's Summit,5
2018-09-13,Poplar Bluff,2,Lee's Summit West,5
2018-09-13,Carrollton,2,Lexington,3
2018-09-13,Ursuline Academy,9,Liberty (Wentzville),12
2018-09-13,Liberty,12,Liberty North,6
2018-09-13,North Shelby,20,Linn County,8
2018-09-13,Seneca,4,Logan-Rogersville,2
2018-09-13,Worth County,2,Madison,3
2018-09-13,Willow Springs,9,Mansfield,0
2018-09-13,Moberly,4,Marshall,2
2018-09-13,Aurora,0,Marshfield,5
2018-09-13,Gallatin,2,Maysville,8
2018-09-13,Normandy Collaborative,20,McCluer,17
2018-09-13,Cassville,0,McDonald County,8
2018-09-13,Lathrop,2,Mid-Buchanan,0
2018-09-13,St. Elizabeth,10,Milan,11
2018-09-13,Reeds Spring,5,Monett,0
2018-09-13,Higbee,5,New Franklin,11
2018-09-13,Warsaw,22,Newburg,0
2018-09-13,Joplin,4,Nixa,10
2018-09-13,Elsberry,6,North Callaway,3
2018-09-13,Central (Cape Girardeau),2,North County,14
2018-09-13,William Chrisman,10,North Kansas City,3
2018-09-13,West Platte,10,North Platte,4
2018-09-13,North Nodaway,6,Northeast Nodaway,1
2018-09-13,Windsor (Imperial),3,Notre Dame (St. Louis),4
2018-09-13,Excelsior Springs,9,Oak Grove,10
2018-09-13,Pleasant Hill,12,Odessa,8
2018-09-13,Neosho,4,Ozark,6
2018-09-13,Bowling Green,2,Palmyra,1
2018-09-13,Hillcrest,23,Parkview,0
2018-09-13,Lutheran St. Charles,1,Pattonville,2
2018-09-13,Penney,1,Plattsburg,3
2018-09-13,Putnam County,14,Princeton,1
2018-09-13,Belton,15,Raytown,0
2018-09-13,Grain Valley,17,Raytown South,0
2018-09-13,Carthage,3,Republic,10
2018-09-13,Versailles,2,Richland,12
2018-09-13,McCluer North,8,Ritenour,13
2018-09-13,Parkway South,9,Rockwood Summit,6
2018-09-13,West Plains,2,Rolla,3
2018-09-13,Bishop DuBourg,0,Rosati-Kain,10
2018-09-13,Marceline,0,Schuyler County,9
2018-09-13,Chillicothe,0,Savannah,11
2018-09-13,Knox County,5,Schuyler County,4
2018-09-13,Harrisburg,0,Scotland County,4
2018-09-13,Boonville,11,Savannah,5
2018-09-13,Grandview,0,Smithville,12
2018-09-13,Monroe City,10,South Shelby,0
2018-09-13,Warrenton,2,St. Charles,4
2018-09-13,Owensville,2,St. Clair,4
2018-09-13,Incarnate Word Academy,1,St. Dominic,16
2018-09-13,Webb City,12,St. James,0
2018-09-13,Helias Catholic,5,St. Joseph's Academy,4
2018-09-13,Notre Dame de Sion,5,St. Michael the Archangel,10
2018-09-13,Cameron,6,St. Pius X (Kansas City),7
2018-09-13,Crocker,3,Westran,6
2018-09-13,Polo,0,Trenton,4
2018-09-13,Francis Howell,0,Troy Buchanan,10
2018-09-13,Staley,2,St. Charles,0
2018-09-13,Linn,8,Tuscumbia,1
2018-09-13,Neelyville,7,St. Clair,3
2018-09-13,Pacific,4,Union,5
2018-09-13,Hancock,2,Valley Park,12
2018-09-13,Mark Twain,0,Van-Far,16
2018-09-13,Dixon,2,Vienna,8
2018-09-13,El Dorado Springs,0,Warsaw,12
2018-09-13,Iberia,12,Waynesville,7
2018-09-13,Louisiana,6,Wellsville-Middletown,4
2018-09-13,Fayette,8,Westran,9
2018-09-13,Carl Junction,0,Willard,2
2018-09-13,Pattonsburg,2,Worth County,12
2018-09-13,Silex,9,Wright City,8
2018-09-14,Bevier,0,Atlanta,22
2018-09-14,Alton,13,Bakersfield,9
2018-09-14,Brentwood,22,Bayless,0
2018-09-14,Notre Dame (Cape Girardeau),3,Blair Oaks,14
2018-09-14,William Chrisman,7,Blue Springs,18
2018-09-14,Webb City,6,Blue Springs,8
2018-09-14,Fort Osage,5,Blue Springs South,12
2018-09-14,Warrensburg,0,Blue Springs South,13
2018-09-14,Rock Bridge,2,Camdenton,6
2018-09-14,Helias Catholic,8,Camdenton,0
2018-09-14,Kickapoo,5,Carthage,12
2018-09-14,East Newton,3,Carthage,8
2018-09-14,Webb City,2,Centralia,3
2018-09-14,Belle,3,Crocker,13
2018-09-14,Republic,11,East Newton,0
2018-09-14,Willow Springs,2,East Newton,1
2018-09-14,Leeton,8,El Dorado Springs,1
2018-09-14,Hazelwood Central,0,Francis Howell Central,10
2018-09-14,Warrenton,6,Francis Howell North,3
2018-09-14,Valley Park,13,Fredericktown,6
2018-09-14,Ritenour,3,Ft. Zumwalt North,13
2018-09-14,Smithville,1,Glendale,7
2018-09-14,Raymore-Peculiar,14,Harrisonville,5
2018-09-14,Willard,10,Harrisonville,1
2018-09-14,Wheatland,10,Hermitage,3
2018-09-14,Calvary Lutheran,18,Higbee,2
2018-09-14,Van-Far,7,Iberia,8
2018-09-14,North Callaway,3,Jefferson City,9
2018-09-14,Blair Oaks,2,Jefferson City,7
2018-09-14,Logan-Rogersville,2,Kickapoo,7
2018-09-14,Parkway Central,2,Kirkwood,13
2018-09-14,Brashear,7,La Plata,12
2018-09-14,Parkway North,8,Lafayette (Wildwood),9
2018-09-14,West County,4,Lebanon,11
2018-09-14,Mexico,1,Lee's Summit,3
2018-09-14,Oakville,6,Lee's Summit,0
2018-09-14,Webb City,0,Lee's Summit North,18
2018-09-14,Nixa,1,Lee's Summit West,3
2018-09-14,Richmond,2,Lee's Summit West,3
2018-09-14,Novinger,2,Linn County,17
2018-09-14,Richmond,4,Logan-Rogersville,5
2018-09-14,Nixa,0,Logan-Rogersville,10
2018-09-14,Weaubleau,8,Macks Creek,0
2018-09-14,Clayton,27,McCluer South-Berkeley,11
2018-09-14,Fatima,2,Mexico,4
2018-09-14,Grain Valley,3,Monett,11
2018-09-14,Poplar Bluff,1,Monett,2
2018-09-14,Parkway West,12,Nerinx Hall,2
2018-09-14,Wellsville-Middletown,7,New Bloomfield,22
2018-09-14,Richmond,3,Nixa,4
2018-09-14,Notre Dame (Cape Girardeau),9,North Callaway,10
2018-09-14,Fort Osage,7,Oak Park,6
2018-09-14,Warrensburg,6,Oak Park,4
2018-09-14,Fatima,0,Oakville,2
2018-09-14,Grain Valley,7,Ozark,4
2018-09-14,Poplar Bluff,0,Ozark,5
2018-09-14,Northwest (Cedar Hill),12,Pacific,2
2018-09-14,Rock Bridge,9,Palmyra,5
2018-09-14,Helias Catholic,7,Palmyra,0
2018-09-14,Park Hill South,4,Park Hill,1
2018-09-14,Smithville,5,Park Hill,6
2018-09-14,Raytown,0,Park Hill South,15
2018-09-14,Republic,2,Platte County,8
2018-09-14,Rolla,1,Platte County,14
2018-09-14,Willow Springs,4,Platte County,17
2018-09-14,Grain Valley,6,Poplar Bluff,5
2018-09-14,Staley,5,Raymore-Peculiar,2
2018-09-14,Smithville,5,Raytown,2
2018-09-14,Jackson,2,Rockwood Summit,0
2018-09-14,Republic,8,Rolla,2
2018-09-14,Willow Springs,6,Rolla,4
2018-09-14,Tuscumbia,6,Russellville,14
2018-09-14,Incarnate Word Academy,5,St. Charles,6
2018-09-14,St. Pius X (Festus),10,St. Clair,3
2018-09-14,Community,5,Worth County,1
2018-09-14,Ft. Zumwalt West,5,Timberland,6
2018-09-14,Ft. Zumwalt East,10,Trinity Catholic,0
2018-09-14,St. Joseph's Academy,7,Ursuline Academy,4
2018-09-14,East Carter,10,Van Buren,1
2018-09-14,Newburg,2,Vienna,23
2018-09-14,Hartville,6,Walnut Grove,7
2018-09-14,Winfield,2,Washington,9
2018-09-14,Fox,4,Webster Groves,6
2018-09-14,Notre Dame (St. Louis),10,Westminster Christian Academy,5
2018-09-14,Staley,9,Willard,1
2018-09-14,Seckman,14,Windsor (Imperial),4
2018-09-14,William Chrisman,2,Winnetonka,4
2018-09-14,Webb City,11,Winnetonka,0
2018-09-15,Union,12,Affton,0
2018-09-15,Perryville,2,Affton,4
2018-09-15,Farmington,10,Affton,0
2018-09-15,Dora,6,Alton,2
2018-09-15,East Carter,9,Alton,2
2018-09-15,Gainesville,4,Ava,6
2018-09-15,Norwood,6,Ava,1
2018-09-15,Dora,2,Ava,3
2018-09-15,Bakersfield,1,Ava,12
2018-09-15,Doniphan,18,Bakersfield,4
2018-09-15,Mansfield,3,Bakersfield,7
2018-09-15,Dora,6,Bakersfield,3
2018-09-15,Versailles,4,Belle,10
2018-09-15,Van-Far,5,Belle,11
2018-09-15,California,9,Belle,2
2018-09-15,North Shelby,3,Bevier,14
2018-09-15,Van-Far,10,Bevier,0
2018-09-15,Mark Twain,6,Bevier,14
2018-09-15,Park Hill South,6,Blue Springs,2
2018-09-15,Blue Springs South,9,Blue Springs,7
2018-09-15,Staley,4,Blue Springs South,3
2018-09-15,Warrensburg,0,Blue Springs South,13
2018-09-15,Liberty (Wentzville),3,Bowling Green,11
2018-09-15,Lee's Summit,1,Camdenton,3
2018-09-15,Centralia,13,Camdenton,6
2018-09-15,Notre Dame de Sion,5,Cameron,9
2018-09-15,South Shelby,2,Canton,11
2018-09-15,Chillicothe,6,Carrollton,4
2018-09-15,Odessa,10,Carrollton,0
2018-09-15,Cameron,8,Carrollton,13
2018-09-15,Butler,0,Carrollton,14
2018-09-15,Logan-Rogersville,7,Carthage,6
2018-09-15,Grain Valley,4,Carthage,5
2018-09-15,Richmond,10,Carthage,6
2018-09-15,Benton,8,Central (St. Joseph),9
2018-09-15,Lafayette (St. Joseph),0,Central (St. Joseph),3
2018-09-15,Blair Oaks,10,Centralia,4
2018-09-15,Cameron,3,Chillicothe,7
2018-09-15,Lexington,4,Chillicothe,6
2018-09-15,Holden,5,Chillicothe,4
2018-09-15,Knox County,5,Clark County,3
2018-09-15,Neelyville,6,Cuba,0
2018-09-15,Mansfield,1,Doniphan,5
2018-09-15,Norwood,1,Doniphan,5
2018-09-15,East Carter,2,Doniphan,1
2018-09-15,East Carter,2,Dora,1
2018-09-15,Norwood,3,East Carter,7
2018-09-15,Logan-Rogersville,5,East Newton,6
2018-09-15,Ozark,5,East Newton,1
2018-09-15,Macks Creek,13,El Dorado Springs,7
2018-09-15,Union,1,Farmington,0
2018-09-15,Rolla,2,Farmington,6
2018-09-15,Notre Dame (Cape Girardeau),11,Fatima,8
2018-09-15,Jamestown,0,Fayette,8
2018-09-15,Worth County,1,Fayette,3
2018-09-15,Kelly,2,Festus,0
2018-09-15,Northwest (Cedar Hill),4,Festus,1
2018-09-15,Pacific,7,Festus,6
2018-09-15,St. Charles,0,Francis Howell Central,3
2018-09-15,Washington,1,Francis Howell Central,4
2018-09-15,Winfield,4,Francis Howell North,5
2018-09-15,St. Pius X (Festus),10,Fredericktown,5
2018-09-15,St. Clair,12,Fredericktown,5
2018-09-15,Kelly,0,Ft. Zumwalt West,10
2018-09-15,Seckman,8,Ft. Zumwalt West,0
2018-09-15,Northwest (Cedar Hill),1,Ft. Zumwalt West,3
2018-09-15,Norwood,13,Gainesville,2
2018-09-15,Harrisburg,11,Glasgow,0
2018-09-15,Worth County,12,Glasgow,2
2018-09-15,Hillcrest,9,Glendale,4
2018-09-15,Summit Christian Academy,4,Hale,0
2018-09-15,Polo,7,Hale,1
2018-09-15,Weaubleau,4,Halfway,0
2018-09-15,Wheatland,4,Halfway,8
2018-09-15,Bishop DuBourg,6,Hancock,11
2018-09-15,Marshall,0,Hannibal,3
2018-09-15,Worth County,6,Harrisburg,3
2018-09-15,Jamestown,2,Harrisburg,12
2018-09-15,Oak Park,8,Harrisonville,9
2018-09-15,Raytown,0,Harrisonville,15
2018-09-15,Incarnate Word Academy,12,Hazelwood Central,2
2018-09-15,Winfield,18,Hazelwood Central,0
2018-09-15,Pattonville,0,Hazelwood West,6
2018-09-15,Macks Creek,11,Hermitage,4
2018-09-15,Poplar Bluff,4,Hillsboro,3
2018-09-15,Troy Buchanan,5,Hillsboro,0
2018-09-15,Lawson,1,Holden,7
2018-09-15,Lexington,1,Holden,13
2018-09-15,Butler,2,Holden,16
2018-09-15,Perryville,2,Holt,5
2018-09-15,Oakville,2,Jefferson City,4
2018-09-15,Helias Catholic,8,Jefferson City,2
2018-09-15,Seckman,10,Kelly,0
2018-09-15,Grain Valley,0,Kickapoo,1
2018-09-15,Benton,11,Lafayette (St. Joseph),6
2018-09-15,Warsaw,13,Lamar,1
2018-09-15,Wright City,7,Lamar,3
2018-09-15,North County,7,Lamar,4
2018-09-15,Butler,5,Lawson,4
2018-09-15,Notre Dame de Sion,1,Lawson,14
2018-09-15,Cameron,6,Lawson,12
2018-09-15,Blair Oaks,12,Lee's Summit,0
2018-09-15,Rock Bridge,4,Lee's Summit North,1
2018-09-15,North Callaway,2,Lee's Summit North,7
2018-09-15,Ozark,6,Lee's Summit West,7
2018-09-15,Weaubleau,6,Leeton,1
2018-09-15,Wheatland,1,Leeton,9
2018-09-15,Odessa,5,Lexington,10
2018-09-15,Notre Dame de Sion,0,Lexington,7
2018-09-15,Van-Far,18,Linn County,4
2018-09-15,North Shelby,8,Linn County,9
2018-09-15,Marion County,4,Linn County,3
2018-09-15,Ft. Zumwalt East,13,Lutheran St. Charles,4
2018-09-15,Pilot Grove,4,Macon,3
2018-09-15,Community,6,Macon,10
2018-09-15,Northeast (Cairo),0,Macon,7
2018-09-15,Rosati-Kain,22,Maplewood-Richmond Hts.,11
2018-09-15,Mark Twain,6,Marion County,2
2018-09-15,Scotland County,19,Mark Twain,4
2018-09-15,Warsaw,11,Marshfield,1
2018-09-15,Wright City,7,Marshfield,8
2018-09-15,North County,4,Marshfield,0
2018-09-15,Lamar,4,Marshfield,11
2018-09-15,Northeast Nodaway,3,Maryville,13
2018-09-15,North Andrew,2,Maryville,16
2018-09-15,Vienna,0,Maryville,7
2018-09-15,North Callaway,5,Mexico,14
2018-09-15,Rock Bridge,2,Mexico,4
2018-09-15,Pilot Grove,2,Moberly,1
2018-09-15,Westran,9,Moberly,12
2018-09-15,Northeast (Cairo),4,Moberly,9
2018-09-15,Platte County,8,Monett,2
2018-09-15,Richmond,6,Monett,12
2018-09-15,Ozark,2,Monett,5
2018-09-15,South Shelby,1,Monroe City,9
2018-09-15,Canton,4,Monroe City,5
2018-09-15,Walnut Grove,3,Naylor,11
2018-09-15,Reeds Spring,8,Nevada,4
2018-09-15,Hallsville,6,New Bloomfield,5
2018-09-15,Vienna,7,North Andrew,4
2018-09-15,Northeast Nodaway,6,North Andrew,3
2018-09-15,Warsaw,6,North County,0
2018-09-15,Wright City,0,North County,9
2018-09-15,Tri-County,2,North Harrison,12
2018-09-15,Vienna,10,Northeast Nodaway,3
2018-09-15,Pacific,7,Northwest (Cedar Hill),1
2018-09-15,William Chrisman,10,Oak Park,20
2018-09-15,Warrensburg,5,Oak Park,2
2018-09-15,Notre Dame de Sion,0,Odessa,8
2018-09-15,Butler,1,Odessa,16
2018-09-15,New Haven,5,Owensville,1
2018-09-15,Slater,4,Owensville,6
2018-09-15,Webb City,9,Palmyra,0
2018-09-15,Fatima,15,Palmyra,0
2018-09-15,Webb City,8,Park Hill,7
2018-09-15,Warrensburg,5,Park Hill,10
2018-09-15,Staley,2,Park Hill South,4
2018-09-15,Nixa,0,Platte County,6
2018-09-15,Summit Christian Academy,1,Polo,4
2018-09-15,Troy Buchanan,15,Poplar Bluff,5
2018-09-15,Warrensburg,2,Raymore-Peculiar,7
2018-09-15,Webb City,3,Raymore-Peculiar,4
2018-09-15,William Chrisman,3,Raytown,7
2018-09-15,Walnut Grove,0,Republic,14
2018-09-15,Naylor,0,Republic,11
2018-09-15,Holt,10,Rolla,0
2018-09-15,Perryville,8,Rolla,7
2018-09-15,Neelyville,10,Salem,1
2018-09-15,Cuba,8,Salem,3
2018-09-15,Pilot Grove,4,Schuyler County,3
2018-09-15,Westran,1,Schuyler County,15
2018-09-15,Wellsville-Middletown,1,Schuyler County,5
2018-09-15,Van-Far,7,Scotland County,1
2018-09-15,Pacific,5,Seckman,7
2018-09-15,Jamestown,12,Salem,0
2018-09-15,Glasgow,4,Salem,14
2018-09-15,Fayette,17,Salem,1
2018-09-15,New Haven,3,Slater,11
2018-09-15,Warrenton,0,St. Charles,11
2018-09-15,Valley Park,16,St. Clair,6
2018-09-15,Father Tolton,2,St. Dominic,1
2018-09-15,Versailles,5,Van-Far,8
2018-09-15,California,6,Van-Far,4
2018-09-15,Neelyville,8,St. James,5
2018-09-15,Salem,6,St. James,4
2018-09-15,Cuba,15,St. James,0
2018-09-15,Notre Dame (Cape Girardeau),1,Webb City,5
2018-09-15,Holt,10,Union,1
2018-09-15,St. Pius X (Festus),7,Valley Park,15
2018-09-15,California,12,Versailles,1
2018-09-15,Washington,5,Warrenton,0
2018-09-15,Wright City,1,Warsaw,12
2018-09-15,Northeast (Cairo),12,Wellsville-Middletown,0
2018-09-15,Community,6,Wellsville-Middletown,8
2018-09-15,Fort Osage,2,Willard,3
2018-09-15,Smithville,7,Willard,0
2018-09-15,Smithville,14,Winnetonka,0
2018-09-15,Fort Osage,11,Winnetonka,4
2018-09-17,Worth County,3,Atlanta,8
2018-09-17,Savannah,0,Battle,15
2018-09-17,Fort Osage,5,Belton,9
2018-09-17,Herculaneum,12,Bishop DuBourg,1
2018-09-17,Lee's Summit West,8,Blue Springs,0
2018-09-17,Clinton,0,Bolivar,22
2018-09-17,Clark County,2,Brookfield,7
2018-09-17,Harrisonville,16,Butler,6
2018-09-17,Knob Noster,4,California,3
2018-09-17,Lebanon,1,Camdenton,11
2018-09-17,East Carter,8,Central (Cape Girardeau),0
2018-09-17,St. Charles,2,Central (St. Joseph),6
2018-09-17,Monroe City,5,Centralia,1
2018-09-17,Lexington,1,Chillicothe,16
2018-09-17,New Franklin,1,Community,16
2018-09-17,East Buchanan,7,DeKalb,1
2018-09-17,Neelyville,12,East Prairie,2
2018-09-17,Warsaw,8,Eugene,7
2018-09-17,Walnut Grove,14,Fair Play,1
2018-09-17,Poplar Bluff,11,Farmington,3
2018-09-17,Parkway West,6,Fox,7
2018-09-17,Ft. Zumwalt North,0,Francis Howell Central,12
2018-09-17,Hazelwood West,4,Francis Howell North,3
2018-09-17,Perryville,15,Fredericktown,0
2018-09-17,Ft. Zumwalt East,4,Ft. Zumwalt West,14
2018-09-17,Boonville,3,Fulton,7
2018-09-17,Bakersfield,13,Gainesville,15
2018-09-17,Brentwood,22,Gateway Science Charter,16
2018-09-17,West Plains,2,Glendale,5
2018-09-17,Smithville,4,Grain Valley,2
2018-09-17,Novinger,1,Green City,16
2018-09-17,Wheatland,4,Halfway,5
2018-09-17,Kirksville,4,Hannibal,5
2018-09-17,Fayette,13,Harrisburg,5
2018-09-17,Father Tolton,7,Helias Catholic,9
2018-09-17,Wellsville-Middletown,18,Hermann,2
2018-09-17,Madison,14,Higbee,2
2018-09-17,Canton,8,Highland,12
2018-09-17,Climax Springs,0,Humansville,15
2018-09-17,Winnetonka,1,Kearney,11
2018-09-17,Eureka,2,Kirkwood,8
2018-09-17,Brashear,1,Knox County,8
2018-09-17,Ft. Zumwalt South,3,Lafayette (Wildwood),4
2018-09-17,El Dorado Springs,1,Lamar,7
2018-09-17,Crocker,17,Laquey,2
2018-09-17,Maysville,0,Lathrop,1
2018-09-17,Blue Springs South,3,Lee's Summit North,6
2018-09-17,Staley,7,Liberty,0
2018-09-17,Holt,10,Liberty (Wentzville),7
2018-09-17,Valley Park,2,Lindbergh,11
2018-09-17,Van-Far,3,Linn,9
2018-09-17,East Newton,4,Logan-Rogersville,6
2018-09-17,Ladue Horton Watkins,1,Lutheran South,11
2018-09-17,Marion C. Early,10,Macks Creek,14
2018-09-17,South Shelby,1,Macon,3
2018-09-17,Reeds Spring,17,Mansfield,0
2018-09-17,Rockwood Summit,6,Marquette,9
2018-09-17,Jennings,13,McCluer South-Berkeley,14
2018-09-17,Nixa,1,McDonald County,15
2018-09-17,Linn County,13,Meadville,8
2018-09-17,Marshall,0,Mexico,15
2018-09-17,Gallatin,2,Mid-Buchanan,12
2018-09-17,Putnam County,10,Moberly,1
2018-09-17,Van Buren,5,Naylor,13
2018-09-17,Slater,16,New Haven,6
2018-09-17,Clayton,22,Normandy Collaborative,4
2018-09-17,Festus,3,North County,2
2018-09-17,Savannah,4,North Platte,3
2018-09-17,Pattonsburg,0,Northeast Nodaway,10
2018-09-17,Seckman,3,Northwest (Cedar Hill),6
2018-09-17,Mehlville,1,Notre Dame (St. Louis),11
2018-09-17,Warrensburg,4,Oak Grove,6
2018-09-17,Raytown,6,Oak Park,12
2018-09-17,Cor Jesu Academy,3,Oakville,5
2018-09-17,Holden,6,Odessa,1
2018-09-17,Lutheran St. Charles,5,Orchard Farm,11
2018-09-17,Buffalo,2,Osage,7
2018-09-17,Raymore-Peculiar,8,Park Hill,6
2018-09-17,Lee's Summit,3,Park Hill South,6
2018-09-17,Central (Springfield),14,Parkview,3
2018-09-17,Webster Groves,9,Parkway Central,1
2018-09-17,Pattonville,6,Parkway North,9
2018-09-17,North Harrison,0,Penney,3
2018-09-17,Grandview,1,Platte County,12
2018-09-17,Milan,2,Princeton,12
2018-09-17,Excelsior Springs,4,Richmond,6
2018-09-17,St. Charles,14,Ritenour,3
2018-09-17,Palmyra,5,Rock Bridge,10
2018-09-17,North Kansas City,17,Ruskin,0
2018-09-17,Pilot Grove,11,Russellville,0
2018-09-17,Westran,7,Scotland County,12
2018-09-17,Joplin,8,Seneca,12
2018-09-17,Cassville,15,Smithville,2
2018-09-17,Leeton,1,Sherwood,12
2018-09-17,Notre Dame (Cape Girardeau),10,Sikeston,0
2018-09-17,St. Joseph's Academy,9,St. Dominic,5
2018-09-17,Plattsburg,7,St. Pius X (Kansas City),0
2018-09-17,Cuba,19,Warsaw,1
2018-09-17,Dixon,3,Westran,8
2018-09-17,Notre Dame de Sion,1,Summit Christian Academy,8
2018-09-17,Lawson,0,Trenton,6
2018-09-17,Doniphan,13,St. Clair,0
2018-09-17,Nerinx Hall,1,Ursuline Academy,16
2018-09-17,Louisiana,0,Van-Far,16
2018-09-17,Blair Oaks,19,Versailles,0
2018-09-17,Calvary Lutheran,1,Vienna,4
2018-09-17,Alton,0,Willow Springs,10
2018-09-18,Notre Dame (St. Louis),7,Affton,8
2018-09-18,Hartville,6,Ava,10
2018-09-18,Cuba,17,Belle,7
2018-09-18,Veritas Christian Academy,16,Bishop DuBourg,7
2018-09-18,Battle,0,Blue Springs South,4
2018-09-18,Nixa,8,Branson,4
2018-09-18,Smithville,0,Buffalo,15
2018-09-18,Mid-Buchanan,12,Cameron,2
2018-09-18,Holden,1,Carrollton,2
2018-09-18,East Newton,8,Cassville,1
2018-09-18,Halfway,10,Central (Springfield),0
2018-09-18,Maryville,3,Chillicothe,11
2018-09-18,West Platte,5,DeKalb,6
2018-09-18,Richland,0,Dixon,5
2018-09-18,Willow Springs,7,Dora,0
2018-09-18,Doniphan,1,East Carter,2
2018-09-18,Weaubleau,14,El Dorado Springs,3
2018-09-18,Savannah,4,Eldon,5
2018-09-18,Wellsville-Middletown,2,Elsberry,12
2018-09-18,West County,2,Farmington,6
2018-09-18,Oak Park,1,Fort Osage,11
2018-09-18,Pattonville,1,Fox,11
2018-09-18,Francis Howell Central,10,Francis Howell,9
2018-09-18,Ft. Zumwalt West,17,Francis Howell North,2
2018-09-18,Ft. Zumwalt South,6,Ft. Zumwalt North,4
2018-09-18,Norwood,8,Gainesville,1
2018-09-18,Grandview,2,Grain Valley,16
2018-09-18,Hardin-Central,1,Hale,9
2018-09-18,Father Tolton,10,Hallsville,0
2018-09-18,Bayless,0,Hancock,22
2018-09-18,Odessa,12,Harrisonville,3
2018-09-18,McCluer North,6,Hazelwood Central,24
2018-09-18,Kirkwood,4,Hazelwood West,10
2018-09-18,Windsor (Imperial),28,Herculaneum,4
2018-09-18,St. Clair,16,Hermann,5
2018-09-18,Logan-Rogersville,8,Hillcrest,3
2018-09-18,DeSoto,2,Hillsboro,9
2018-09-18,Crocker,3,Iberia,5
2018-09-18,Poplar Bluff,3,Jackson,10
2018-09-18,Pilot Grove,9,Jamestown,0
2018-09-18,Ozark,8,Joplin,3
2018-09-18,Marshall,1,Kirksville,6
2018-09-18,McDonald County,11,Lamar,0
2018-09-18,Vienna,15,Laquey,0
2018-09-18,Liberty North,4,Lee's Summit,2
2018-09-18,Park Hill,2,Lee's Summit West,1
2018-09-18,Humansville,7,Leeton,10
2018-09-18,Lafayette County,12,Lexington,5
2018-09-18,Ft. Zumwalt East,1,Liberty (Wentzville),4
2018-09-18,Mehlville,4,Lindbergh,19
2018-09-18,Clopton,3,Louisiana,1
2018-09-18,Calvary Lutheran,16,Macks Creek,1
2018-09-18,Brentwood,9,Maplewood-Richmond Hts.,15
2018-09-18,Westran,0,Marceline,10
2018-09-18,Walnut Grove,6,Marion C. Early,9
2018-09-18,Wright City,11,Mark Twain,0
2018-09-18,Mexico,15,Moberly,2
2018-09-18,Van-Far,9,Montgomery County,2
2018-09-18,Carthage,2,Neosho,0
2018-09-18,Monett,10,Nevada,9
2018-09-18,Fatima,10,New Bloomfield,3
2018-09-18,Glasgow,0,New Franklin,15
2018-09-18,Belton,12,North Kansas City,4
2018-09-18,St. James,4,North Nodaway,11
2018-09-18,Benton,6,Notre Dame de Sion,0
2018-09-18,Lathrop,4,Oak Grove,2
2018-09-18,Blair Oaks,16,Osage,0
2018-09-18,Pacific,6,Owensville,7
2018-09-18,Waynesville,25,Parkview,11
2018-09-18,Northwest (Cedar Hill),10,Parkway West,2
2018-09-18,Vienna,10,Pattonsburg,0
2018-09-18,North County,12,Perryville,5
2018-09-18,St. Teresa's Academy,1,Plattsburg,12
2018-09-18,Excelsior Springs,3,Pleasant Hill,10
2018-09-18,Polo,6,Princeton,7
2018-09-18,Maysville,4,Putnam County,5
2018-09-18,Lee's Summit North,0,Raymore-Peculiar,2
2018-09-18,Kearney,19,Raytown South,6
2018-09-18,Aurora,0,Reeds Spring,12
2018-09-18,Knob Noster,0,Richmond,1
2018-09-18,Normandy Collaborative,13,Riverview Gardens,13
2018-09-18,Kickapoo,12,Rolla,5
2018-09-18,Trinity Catholic,4,Rosati-Kain,14
2018-09-18,William Chrisman,21,Ruskin,1
2018-09-18,St. Pius X (Kansas City),1,Savannah,2
2018-09-18,Marshfield,6,Seneca,7
2018-09-18,Neelyville,8,Sikeston,12
2018-09-18,Bowling Green,5,Silex,2
2018-09-18,Linn,7,Slater,2
2018-09-18,Gallatin,10,St. Elizabeth,8
2018-09-18,Helias Catholic,12,Southern Boone,0
2018-09-18,Newburg,3,Van-Far,18
2018-09-18,Rockwood Summit,2,St. Joseph's Academy,13
2018-09-18,Lafayette (Wildwood),8,St. Joseph's Academy,0
2018-09-18,Jefferson (Festus),1,St. Pius X (Festus),2
2018-09-18,Central (St. Joseph),2,Staley,4
2018-09-18,New Haven,1,Webb City,10
2018-09-18,St. Michael the Archangel,4,Summit Christian Academy,5
2018-09-18,Washington,5,Timberland,1
2018-09-18,Milan,0,Trenton,15
2018-09-18,Holt,1,Troy Buchanan,7
2018-09-18,Park Hill South,6,St. Charles,1
2018-09-18,Eugene,16,Tuscumbia,0
2018-09-18,St. James,0,Union,12
2018-09-18,McCluer South-Berkeley,21,University City,21
2018-09-18,Orchard Farm,5,Valley Park,1
2018-09-18,Alton,6,Van Buren,10
2018-09-18,Winfield,2,Warrenton,3
2018-09-18,Clinton,0,Warsaw,15
2018-09-18,Carl Junction,0,Webb City,15
2018-09-18,Ursuline Academy,10,Westminster Christian Academy,3
2018-09-18,Hermitage,0,Wheatland,12
2018-09-18,Republic,9,Willard,3
2018-09-18,Platte County,20,Winnetonka,0
2018-09-19,Mehlville,1,Affton,16
2018-09-19,North Andrew,5,Albany,1
2018-09-19,Raytown,1,Belton,16
2018-09-19,La Plata,11,Bevier,2
2018-09-19,Carl Junction,0,Bolivar,10
2018-09-19,McCluer South-Berkeley,17,Brentwood,18
2018-09-19,Highland,7,Brookfield,2
2018-09-19,Central (Springfield),0,Camdenton,10
2018-09-19,Kickapoo,11,Carthage,0
2018-09-19,Naylor,2,Chaffee,12
2018-09-19,Rolla,2,Helias Catholic,13
2018-09-19,Kelly,8,Jefferson (Festus),2
2018-09-19,Oakville,5,Kirkwood,4
2018-09-19,Cuba,7,Lebanon,12
2018-09-19,Bishop DuBourg,0,Lutheran St. Charles,4
2018-09-19,Northeast Nodaway,0,Maryville,11
2018-09-19,Webb City,5,Monett,4
2018-09-19,Palmyra,4,Monroe City,6
2018-09-19,Lutheran South,18,Nerinx Hall,0
2018-09-19,Hallsville,2,North Callaway,12
2018-09-19,Hillsboro,14,North County,5
2018-09-19,Worth County,4,North Nodaway,8
2018-09-19,St. Pius X (Festus),0,Notre Dame (St. Louis),10
2018-09-19,Eureka,5,Parkway South,4
2018-09-19,Vienna,18,Pattonsburg,4
2018-09-19,Tuscumbia,12,Richland,2
2018-09-19,McCluer,0,Ritenour,16
2018-09-19,Harrisburg,0,Schuyler County,10
2018-09-19,Penney,10,Savannah,0
2018-09-19,Blue Springs,3,Smithville,0
2018-09-19,St. Clair,6,St. Joseph's Academy,18
2018-09-19,St. Michael the Archangel,1,St. Teresa's Academy,11
2018-09-19,Pleasant Hill,3,Warrensburg,2
2018-09-19,Washington,6,Warrenton,0
2018-09-19,Butler,0,Weaubleau,6
2018-09-19,Marquette,6,Webster Groves,1
2018-09-19,Oak Park,19,William Chrisman,8
2018-09-19,Gainesville,0,Willow Springs,8
2018-09-19,Perryville,6,Windsor (Imperial),8
2018-09-20,Van Buren,20,Bakersfield,8
2018-09-20,Chillicothe,7,Benton,16
2018-09-20,Jefferson City,3,Blair Oaks,4
2018-09-20,Blue Springs,6,Blue Springs South,9
2018-09-20,Linn County,2,Brashear,11
2018-09-20,Monroe City,12,Brookfield,3
2018-09-20,Ozark,9,Carl Junction,4
2018-09-20,Lafayette County,1,Carrollton,4
2018-09-20,Willard,0,Carthage,10
2018-09-20,Jefferson (Festus),7,Central (Cape Girardeau),10
2018-09-20,Liberty,2,Central (St. Joseph),7
2018-09-20,Fatima,9,Centralia,5
2018-09-20,Highland,14,Clark County,4
2018-09-20,Hermitage,24,Climax Springs,1
2018-09-20,Silex,8,Clopton,7
2018-09-20,Madison,2,Community,3
2018-09-20,Warsaw,2,Cuba,12
2018-09-20,Windsor (Imperial),11,DeSoto,3
2018-09-20,Neelyville,0,Doniphan,6
2018-09-20,Poplar Bluff,4,East Carter,8
2018-09-20,Reeds Spring,2,East Newton,0
2018-09-20,Warsaw,10,Eldon,4
2018-09-20,Louisiana,5,Elsberry,6
2018-09-20,New Bloomfield,0,Eugene,11
2018-09-20,Odessa,4,Excelsior Springs,8
2018-09-20,Jamestown,7,Fayette,11
2018-09-20,Raytown,2,Fort Osage,12
2018-09-20,Troy Buchanan,11,Francis Howell Central,3
2018-09-20,Timberland,9,Ft. Zumwalt East,3
2018-09-20,Liberty (Wentzville),0,Ft. Zumwalt South,10
2018-09-20,Francis Howell,4,Ft. Zumwalt West,1
2018-09-20,Marshall,1,Fulton,16
2018-09-20,Trenton,7,Gallatin,0
2018-09-20,Waynesville,13,Glendale,10
2018-09-20,La Plata,12,Green City,0
2018-09-20,Norborne,7,Hale,6
2018-09-20,Buffalo,18,Halfway,6
2018-09-20,Oak Grove,6,Harrisonville,5
2018-09-20,Laquey,3,Hartville,18
2018-09-20,Ritenour,10,Hazelwood Central,6
2018-09-20,Mexico,2,Helias Catholic,3
2018-09-20,Hillsboro,19,Herculaneum,0
2018-09-20,Owensville,18,Hermann,0
2018-09-20,Salem,6,Higbee,17
2018-09-20,Francis Howell North,2,Holt,17
2018-09-20,Dixon,3,Iberia,13
2018-09-20,St. Joseph's Academy,2,Incarnate Word Academy,4
2018-09-20,Notre Dame (Cape Girardeau),4,Jackson,6
2018-09-20,University City,21,Jennings,17
2018-09-20,Republic,10,Joplin,2
2018-09-20,Grandview,0,Kearney,12
2018-09-20,Hillcrest,4,Kickapoo,11
2018-09-20,Parkway West,0,Kirkwood,7
2018-09-20,Holden,10,Knob Noster,7
2018-09-20,Parkway North,16,Ladue Horton Watkins,3
2018-09-20,Cameron,0,Lafayette (St. Joseph),6
2018-09-20,Lawson,2,Lathrop,4
2018-09-20,West Plains,13,Lebanon,7
2018-09-20,Park Hill,10,Lee's Summit North,8
2018-09-20,Lafayette (Wildwood),7,Lindbergh,12
2018-09-20,Russellville,0,Linn,6
2018-09-20,Lamar,4,Logan-Rogersville,5
2018-09-20,Westminster Christian Academy,8,Lutheran South,18
2018-09-20,Palmyra,9,Macon,2
2018-09-20,Smithville,0,Mansfield,10
2018-09-20,St. Pius X (Kansas City),8,Maryville,14
2018-09-20,Riverview Gardens,9,McCluer,10
2018-09-20,Affton,18,McCluer North,1
2018-09-20,Normandy Collaborative,6,McCluer South-Berkeley,21
2018-09-20,Nevada,0,McDonald County,2
2018-09-20,Novinger,2,Meadville,13
2018-09-20,Kirksville,5,Moberly,8
2018-09-20,Seneca,3,Monett,2
2018-09-20,Branson,2,Neosho,10
2018-09-20,Crocker,19,Newburg,0
2018-09-20,Montgomery County,0,North Callaway,12
2018-09-20,Fredericktown,0,North County,17
2018-09-20,Milan,5,North Harrison,12
2018-09-20,Oak Park,15,North Kansas City,0
2018-09-20,Mid-Buchanan,9,North Platte,1
2018-09-20,Pattonville,4,Northwest (Cedar Hill),8
2018-09-20,Couch,0,Norwood,16
2018-09-20,Seckman,6,Oakville,4
2018-09-20,Webb City,11,Pacific,1
2018-09-20,Dadeville,12,Parkview,22
2018-09-20,Fox,12,Parkway Central,6
2018-09-20,West Platte,0,Penney,10
2018-09-20,St. Pius X (Festus),2,Perryville,12
2018-09-20,California,0,Pilot Grove,12
2018-09-20,Raytown South,0,Platte County,15
2018-09-20,East Buchanan,1,Plattsburg,5
2018-09-20,Warrensburg,11,Pleasant Hill,6
2018-09-20,Winston,0,Polo,10
2018-09-20,Maysville,5,Princeton,3
2018-09-20,Lee's Summit,3,Raymore-Peculiar,9
2018-09-20,Lexington,2,Richmond,4
2018-09-20,Camdenton,8,Rolla,6
2018-09-20,St. Michael the Archangel,15,Ruskin,0
2018-09-20,Dora,1,Salem,7
2018-09-20,Northeast (Cairo),0,Schuyler County,6
2018-09-20,Marceline,12,Scotland County,5
2018-09-20,Summit Christian Academy,0,Sherwood,11
2018-09-20,Chaffee,17,Sikeston,7
2018-09-20,Van-Far,0,Slater,10
2018-09-20,Putnam County,15,St. Elizabeth,0
2018-09-20,Savannah,15,St. James,2
2018-09-20,Hallsville,1,Southern Boone,10
2018-09-20,Orchard Farm,1,St. Charles,7
2018-09-20,Union,10,St. Clair,2
2018-09-20,New Haven,10,St. James,2
2018-09-20,Park Hill South,1,Staley,11
2018-09-20,Macks Creek,1,Westran,6
2018-09-20,New Franklin,2,Worth County,5
2018-09-20,Pattonsburg,9,Tri-County,8
2018-09-20,Liberty North,2,St. Charles,10
2018-09-20,Cor Jesu Academy,22,Ursuline Academy,5
2018-09-20,Bowling Green,13,Van-Far,3
2018-09-20,Trinity Catholic,13,Veritas Christian Academy,10
2018-09-20,Boonville,12,Versailles,3
2018-09-20,Osage,6,Vienna,9
2018-09-20,Ava,7,Walnut Grove,11
2018-09-20,Ft. Zumwalt North,1,Washington,11
2018-09-20,Fair Play,1,Weaubleau,6
2018-09-20,Nixa,0,Webb City,4
2018-09-20,Mark Twain,2,Wellsville-Middletown,3
2018-09-20,Knox County,17,Westran,1
2018-09-20,Belton,17,William Chrisman,1
2018-09-20,Smithville,17,Winnetonka,1
2018-09-21,Park Hill,11,Aurora,0
2018-09-21,Branson,9,Aurora,0
2018-09-21,Sherwood,10,Belton,0
2018-09-21,Lafayette County,7,Belton,6
2018-09-21,Notre Dame (St. Louis),12,Bishop DuBourg,2
2018-09-21,Green City,7,Brashear,10
2018-09-21,Hillcrest,1,Cassville,12
2018-09-21,Bolivar,9,Cassville,3
2018-09-21,Harrisonville,4,Centralia,5
2018-09-21,Clinton,1,Centralia,16
2018-09-21,Brentwood,14,Clayton,2
2018-09-21,Harrisonville,21,Clinton,2
2018-09-21,Macks Creek,20,Dadeville,4
2018-09-21,Nixa,0,Eureka,10
2018-09-21,Grain Valley,4,Eureka,1
2018-09-21,Liberty North,5,Eureka,7
2018-09-21,Central (Cape Girardeau),0,Festus,15
2018-09-21,St. Joseph's Academy,8,Fox,2
2018-09-21,Winfield,12,Ft. Zumwalt North,5
2018-09-21,Nixa,3,Grain Valley,14
2018-09-21,Liberty North,4,Grain Valley,5
2018-09-21,St. Charles,21,Hazelwood Central,5
2018-09-21,Bolivar,8,Hillcrest,1
2018-09-21,St. Michael the Archangel,1,Holden,11
2018-09-21,Warrensburg,8,Holden,7
2018-09-21,Jefferson City,0,Holt,3
2018-09-21,Slater,5,Iberia,11
2018-09-21,West County,0,Incarnate Word Academy,10
2018-09-21,St. Clair,3,Kelly,16
2018-09-21,Republic,2,Kickapoo,3
2018-09-21,Raymore-Peculiar,11,Knob Noster,2
2018-09-21,McDonald County,8,Knob Noster,0
2018-09-21,Parkway Central,9,Ladue Horton Watkins,3
2018-09-21,Sherwood,13,Lafayette County,0
2018-09-21,Neosho,17,Lamar,9
2018-09-21,West Plains,5,Lamar,6
2018-09-21,Battle,6,Lebanon,0
2018-09-21,Wheatland,14,Leeton,3
2018-09-21,Webster Groves,1,Liberty,16
2018-09-21,Fort Osage,0,Liberty,10
2018-09-21,Pleasant Hill,10,Liberty,19
2018-09-21,Fatima,3,Linn,1
2018-09-21,Atlanta,22,Linn County,0
2018-09-21,Veritas Christian Academy,14,Lutheran St. Charles,4
2018-09-21,Alton,7,Mansfield,8
2018-09-21,Hancock,19,Maplewood-Richmond Hts.,1
2018-09-21,Laquey,0,Marion C. Early,7
2018-09-21,Lindbergh,0,Marquette,11
2018-09-21,Raymore-Peculiar,3,McDonald County,0
2018-09-21,Seckman,17,Mehlville,0
2018-09-21,Lutheran South,6,Naylor,2
2018-09-21,Liberty North,2,Nixa,9
2018-09-21,Pilot Grove,5,Northeast (Cairo),1
2018-09-21,St. Charles,2,Ozark,7
2018-09-21,Timberland,8,Ozark,12
2018-09-21,Smithville,4,Ozark,6
2018-09-21,Branson,5,Park Hill,3
2018-09-21,Sikeston,1,Parkway South,11
2018-09-21,Parkway West,2,Pattonville,0
2018-09-21,Fort Osage,10,Pleasant Hill,14
2018-09-21,Union,15,Ritenour,0
2018-09-21,Parkway North,6,Rockwood Summit,8
2018-09-21,Affton,9,Rosati-Kain,2
2018-09-21,Battle,9,Seneca,4
2018-09-21,Lebanon,7,Seneca,12
2018-09-21,Timberland,2,Smithville,3
2018-09-21,Trinity Catholic,0,St. Pius X (Festus),15
2018-09-21,Smithville,0,St. Charles,7
2018-09-21,Timberland,3,St. Charles,8
2018-09-21,Bayless,1,Valley Park,16
2018-09-21,St. Michael the Archangel,2,Warrensburg,15
2018-09-21,Dixon,9,Waynesville,7
2018-09-21,Westran,3,Weaubleau,0
2018-09-21,Pleasant Hill,7,Webster Groves,11
2018-09-21,Fort Osage,2,Webster Groves,3
2018-09-21,Neosho,15,West Plains,0
2018-09-21,St. Dominic,14,Westminster Christian Academy,1
2018-09-21,Notre Dame (Cape Girardeau),8,Windsor (Imperial),4
2018-09-22,Northeast Nodaway,4,Albany,19
2018-09-22,Worth County,7,Albany,5
2018-09-22,La Plata,2,Atlanta,0
2018-09-22,Bevier,5,Atlanta,9
2018-09-22,Linn County,0,Atlanta,15
2018-09-22,Knob Noster,8,Belton,9
2018-09-22,St. Michael the Archangel,1,Belton,21
2018-09-22,Linn County,8,Bevier,9
2018-09-22,Westran,13,Bevier,2
2018-09-22,Gallatin,10,Brookfield,3
2018-09-22,St. Elizabeth,3,Brookfield,14
2018-09-22,South Shelby,4,Canton,13
2018-09-22,Community,2,Canton,8
2018-09-22,Schuyler County,4,Canton,3
2018-09-22,Lafayette County,1,Centralia,8
2018-09-22,Holden,8,Centralia,1
2018-09-22,Excelsior Springs,13,Chillicothe,7
2018-09-22,Macon,10,Chillicothe,11
2018-09-22,North Platte,6,Chillicothe,10
2018-09-22,Richmond,9,Chillicothe,6
2018-09-22,South Shelby,0,Clark County,3
2018-09-22,Community,4,Clark County,2
2018-09-22,Knob Noster,23,Clinton,0
2018-09-22,St. Michael the Archangel,7,Clinton,3
2018-09-22,Highland,6,Clopton,10
2018-09-22,Madison,0,Community,15
2018-09-22,Cuba,4,Crocker,6
2018-09-22,Vienna,2,Crocker,1
2018-09-22,Vienna,13,Cuba,3
2018-09-22,Father Tolton,10,Elsberry,0
2018-09-22,Louisiana,1,Elsberry,11
2018-09-22,Clopton,5,Elsberry,9
2018-09-22,New Bloomfield,4,Eugene,13
2018-09-22,West County,6,Eugene,13
2018-09-22,Grain Valley,6,Eureka,9
2018-09-22,Liberty,7,Eureka,6
2018-09-22,North Platte,1,Excelsior Springs,17
2018-09-22,Ritenour,4,Fox,14
2018-09-22,Hazelwood Central,4,Ft. Zumwalt North,18
2018-09-22,Fox,12,Ft. Zumwalt North,4
2018-09-22,New Bloomfield,1,Fulton,8
2018-09-22,Russellville,1,Fulton,4
2018-09-22,Milan,0,Gallatin,10
2018-09-22,Marceline,14,Gallatin,4
2018-09-22,North Harrison,2,Gallatin,4
2018-09-22,Salem,3,Glendale,8
2018-09-22,Newburg,4,Glendale,21
2018-09-22,St. James,13,Glendale,5
2018-09-22,Calvary Lutheran,9,Hannibal,7
2018-09-22,Sherwood,10,Harrisonville,1
2018-09-22,Warrensburg,18,Harrisonville,3
2018-09-22,Raymore-Peculiar,9,Holden,10
2018-09-22,McDonald County,8,Holden,2
2018-09-22,Penney,6,Kirksville,3
2018-09-22,Richmond,2,Kirksville,13
2018-09-22,Putnam County,8,Kirksville,9
2018-09-22,Excelsior Springs,3,Kirksville,13
2018-09-22,Silex,1,Knox County,10
2018-09-22,Novinger,2,La Plata,25
2018-09-22,Raymore-Peculiar,2,Lafayette County,1
2018-09-22,Ozark,3,Liberty,6
2018-09-22,Novinger,5,Linn County,6
2018-09-22,Marion County,1,Louisiana,15
2018-09-22,Highland,16,Louisiana,1
2018-09-22,Excelsior Springs,1,Macon,7
2018-09-22,North Platte,0,Macon,15
2018-09-22,Penney,6,Macon,4
2018-09-22,Schuyler County,21,Madison,0
2018-09-22,North Harrison,2,Marceline,12
2018-09-22,Milan,2,Marceline,17
2018-09-22,Father Tolton,32,Marion County,2
2018-09-22,North Andrew,6,Maryville,9
2018-09-22,Vienna,12,Maryville,1
2018-09-22,Rosati-Kain,14,McCluer North,13
2018-09-22,Veritas Christian Academy,20,McCluer North,8
2018-09-22,Sherwood,1,McDonald County,2
2018-09-22,Warrensburg,4,McDonald County,14
2018-09-22,North Harrison,10,Milan,5
2018-09-22,St. Elizabeth,10,Milan,0
2018-09-22,Father Tolton,5,Monroe City,3
2018-09-22,Wellsville-Middletown,0,Monroe City,16
2018-09-22,Clopton,1,Monroe City,8
2018-09-22,Silex,4,Montgomery County,3
2018-09-22,Knox County,2,Montgomery County,5
2018-09-22,Russellville,2,New Bloomfield,3
2018-09-22,North Nodaway,17,North Andrew,0
2018-09-22,West Platte,8,North Kansas City,2
2018-09-22,St. Pius X (Kansas City),4,North Kansas City,8
2018-09-22,Raytown South,8,North Kansas City,10
2018-09-22,Vienna,5,North Nodaway,4
2018-09-22,Schuyler County,7,North Shelby,1
2018-09-22,Pattonsburg,1,Northeast Nodaway,13
2018-09-22,Veritas Christian Academy,0,Orchard Farm,10
2018-09-22,Rosati-Kain,1,Orchard Farm,5
2018-09-22,Grain Valley,9,Ozark,7
2018-09-22,Worth County,13,Pattonsburg,3
2018-09-22,Richmond,3,Penney,8
2018-09-22,Fort Osage,8,Pleasant Hill,1
2018-09-22,Liberty North,9,Pleasant Hill,6
2018-09-22,Penney,9,Putnam County,0
2018-09-22,Richmond,7,Putnam County,3
2018-09-22,North Platte,2,Putnam County,15
2018-09-22,West Platte,6,Raytown South,7
2018-09-22,St. Pius X (Kansas City),8,Raytown South,4
2018-09-22,Crocker,22,Richland,0
2018-09-22,Vienna,17,Richland,6
2018-09-22,Cuba,16,Richland,7
2018-09-22,Holt,5,Rock Bridge,0
2018-09-22,West County,9,Russellville,2
2018-09-22,Newburg,0,Salem,20
2018-09-22,Eugene,0,Southern Boone,4
2018-09-22,Fulton,4,Southern Boone,8
2018-09-22,West County,0,Southern Boone,6
2018-09-22,Winfield,6,St. Charles,7
2018-09-22,St. Joseph's Academy,11,St. Charles,0
2018-09-22,Salem,10,St. James,5
2018-09-22,Newburg,1,St. James,16
2018-09-22,Fort Osage,9,Timberland,10
2018-09-22,Liberty North,7,Timberland,6
2018-09-22,St. Elizabeth,1,Trenton,11
2018-09-22,Brookfield,0,Trenton,9
2018-09-22,Marceline,2,Trenton,11
2018-09-22,Smithville,3,St. Charles,0
2018-09-22,Nixa,4,St. Charles,5
2018-09-22,St. Joseph's Academy,10,Union,2
2018-09-22,Winfield,9,Union,19
2018-09-22,Hannibal,9,Warrenton,0
2018-09-22,Calvary Lutheran,7,Warrenton,2
2018-09-22,Smithville,8,Webster Groves,2
2018-09-22,Nixa,9,Webster Groves,4
2018-09-22,Highland,15,Wellsville-Middletown,0
2018-09-22,St. Pius X (Kansas City),4,West Platte,6
2018-09-22,La Plata,8,Westran,1
2018-09-22,Novinger,2,Westran,14
2018-09-23,Holden,8,Centralia,1
2018-09-23,Raymore-Peculiar,9,Holden,10
2018-09-23,McDonald County,8,Holden,2
2018-09-24,Webb City,10,Affton,0
2018-09-24,North Harrison,3,Albany,4
2018-09-24,Green City,0,Atlanta,11
2018-09-24,Smithville,1,Ava,13
2018-09-24,Ruskin,0,Belton,15
2018-09-24,Hallsville,0,Blair Oaks,10
2018-09-24,Raymore-Peculiar,1,Blue Springs,4
2018-09-24,Republic,7,Bolivar,6
2018-09-24,Battle,1,Bowling Green,9
2018-09-24,Leeton,10,Butler,0
2018-09-24,Montgomery County,8,Calvary Lutheran,9
2018-09-24,Monett,15,Carl Junction,0
2018-09-24,Humansville,12,Central (Springfield),2
2018-09-24,Penney,5,Chillicothe,2
2018-09-24,Canton,4,Clark County,5
2018-09-24,Hermann,2,Cuba,13
2018-09-24,Salem,7,Dixon,10
2018-09-24,Gainesville,0,Dora,9
2018-09-24,West Platte,11,East Buchanan,12
2018-09-24,Slater,9,Fayette,3
2018-09-24,Oak Grove,6,Fort Osage,0
2018-09-24,St. Joseph's Academy,7,Fox,12
2018-09-24,East Carter,7,Fredericktown,2
2018-09-24,North Callaway,0,Fulton,5
2018-09-24,Lawson,6,Gallatin,5
2018-09-24,Higbee,7,Glasgow,2
2018-09-24,Platte County,0,Grain Valley,2
2018-09-24,Norborne,7,Hale,2
2018-09-24,Moberly,0,Hannibal,7
2018-09-24,New Franklin,5,Harrisburg,11
2018-09-24,Ritenour,0,Hazelwood West,10
2018-09-24,Rock Bridge,4,Helias Catholic,2
2018-09-24,Sherwood,4,Holden,2
2018-09-24,Washington,4,Holt,1
2018-09-24,Westran,5,Iberia,7
2018-09-24,Hillsboro,12,Jefferson (Festus),1
2018-09-24,West Plains,1,Kickapoo,10
2018-09-24,Rockwood Summit,9,Kirkwood,10
2018-09-24,Carrollton,3,Knob Noster,14
2018-09-24,Schuyler County,8,Knox County,0
2018-09-24,Francis Howell Central,5,Lafayette (Wildwood),10
2018-09-24,St. Michael the Archangel,0,Lafayette County,11
2018-09-24,Glendale,6,Lebanon,12
2018-09-24,Blue Springs South,0,Lee's Summit West,5
2018-09-24,Lathrop,6,Lexington,0
2018-09-24,Lee's Summit,6,Liberty,7
2018-09-24,Jefferson City,5,Liberty (Wentzville),2
2018-09-24,Staley,7,Liberty North,3
2018-09-24,Northwest (Cedar Hill),8,Lindbergh,9
2018-09-24,Eldon,3,Linn,4
2018-09-24,Pacific,5,Lutheran South,12
2018-09-24,St. Charles,11,Lutheran St. Charles,0
2018-09-24,Climax Springs,3,Macks Creek,13
2018-09-24,Brookfield,0,Marceline,4
2018-09-24,Fair Play,6,Marion C. Early,7
2018-09-24,Community,7,Mark Twain,2
2018-09-24,Boonville,7,Marshall,1
2018-09-24,Walnut Grove,1,Marshfield,2
2018-09-24,Pattonville,28,McCluer North,6
2018-09-24,McCluer,24,McCluer South-Berkeley,25
2018-09-24,Hillcrest,1,McDonald County,11
2018-09-24,Seckman,17,Mehlville,0
2018-09-24,Kirksville,0,Mexico,2
2018-09-24,Louisiana,2,Monroe City,13
2018-09-24,Carthage,13,Nevada,0
2018-09-24,Jennings,31,Normandy Collaborative,9
2018-09-24,Union,11,North County,3
2018-09-24,Schuyler County,18,North Shelby,3
2018-09-24,Bevier,5,Northeast (Cairo),8
2018-09-24,North Platte,11,Northeast Nodaway,18
2018-09-24,Mansfield,7,Norwood,6
2018-09-24,William Chrisman,5,Oak Park,15
2018-09-24,St. Pius X (Kansas City),2,Odessa,17
2018-09-24,Fatima,8,Owensville,4
2018-09-24,Highland,5,Palmyra,4
2018-09-24,Central (St. Joseph),1,Park Hill South,5
2018-09-24,Parkway North,15,Parkway Central,3
2018-09-24,Westminster Christian Academy,6,Parkway West,0
2018-09-24,Festus,8,Perryville,4
2018-09-24,Southern Boone,3,Pilot Grove,5
2018-09-24,DeKalb,7,Plattsburg,11
2018-09-24,Notre Dame de Sion,6,Pleasant Hill,16
2018-09-24,Maysville,13,Polo,2
2018-09-24,North Kansas City,26,Raytown,15
2018-09-24,Winnetonka,7,Raytown South,8
2018-09-24,Crocker,21,Richland,0
2018-09-24,Clayton,13,Riverview Gardens,4
2018-09-24,Hancock,15,Rosati-Kain,6
2018-09-24,Mid-Buchanan,4,Savannah,7
2018-09-24,Clinton,1,Savannah,12
2018-09-24,Kearney,6,Smithville,8
2018-09-24,Warrenton,2,St. Clair,3
2018-09-24,Winfield,4,St. Dominic,7
2018-09-24,Laquey,1,St. James,13
2018-09-24,DeSoto,14,St. Pius X (Festus),4
2018-09-24,St. Elizabeth,2,Vienna,9
2018-09-24,Marquette,0,Troy Buchanan,1
2018-09-24,Notre Dame (St. Louis),11,Ursuline Academy,11
2018-09-24,Nerinx Hall,6,Valley Park,2
2018-09-24,Tuscumbia,9,Versailles,5
2018-09-24,Camdenton,28,Waynesville,0
2018-09-24,Dadeville,1,Weaubleau,16
2018-09-24,Macon,17,Westran,2
2018-09-24,Farmington,3,Windsor (Imperial),1
2018-09-24,Pattonsburg,14,Winston,3
2018-09-24,North Andrew,9,Worth County,3
2018-09-25,Lutheran South,12,Affton,3
2018-09-25,Lebanon,6,Ava,7
2018-09-25,Notre Dame de Sion,0,Belton,15
2018-09-25,Meadville,6,Bevier,8
2018-09-25,St. Joseph's Academy,5,Bishop DuBourg,2
2018-09-25,Wright City,1,Bowling Green,15
2018-09-25,Troy Buchanan,3,Bowling Green,0
2018-09-25,Weaubleau,4,Buffalo,1
2018-09-25,Blair Oaks,16,California,0
2018-09-25,Savannah,0,Camdenton,17
2018-09-25,Benton,14,Cameron,0
2018-09-25,Joplin,0,Carl Junction,5
2018-09-25,Knob Noster,5,Carrollton,7
2018-09-25,Branson,11,Carthage,2
2018-09-25,Reeds Spring,16,Cassville,1
2018-09-25,Liberty North,13,Central (St. Joseph),3
2018-09-25,McCluer South-Berkeley,2,Clayton,17
2018-09-25,Jefferson (Festus),8,Cuba,9
2018-09-25,Northeast Nodaway,1,DeKalb,11
2018-09-25,Laquey,0,Dixon,15
2018-09-25,Versailles,3,Eldon,6
2018-09-25,Slater,0,Eugene,4
2018-09-25,Oakville,3,Eureka,5
2018-09-25,Parkview,3,Fair Play,13
2018-09-25,Northwest (Cedar Hill),14,Fox,3
2018-09-25,Francis Howell,5,Francis Howell North,7
2018-09-25,Liberty (Wentzville),12,Ft. Zumwalt North,1
2018-09-25,Albany,17,Gallatin,2
2018-09-25,Kearney,11,Grain Valley,1
2018-09-25,Winnetonka,10,Grandview,6
2018-09-25,Worth County,5,Hallsville,8
2018-09-25,Valley Park,10,Hancock,11
2018-09-25,Excelsior Springs,0,Harrisonville,7
2018-09-25,St. Joseph's Academy,3,Helias Catholic,8
2018-09-25,Halfway,6,Hermitage,2
2018-09-25,Macon,1,Highland,6
2018-09-25,Cor Jesu Academy,2,Hillsboro,6
2018-09-25,Francis Howell Central,1,Holt,4
2018-09-25,Ursuline Academy,3,Incarnate Word Academy,14
2018-09-25,Windsor (Imperial),3,Jackson,2
2018-09-25,Battle,1,Jefferson City,8
2018-09-25,McCluer,0,Jennings,0
2018-09-25,Richmond,4,Lafayette County,5
2018-09-25,Marshfield,2,Lamar,5
2018-09-25,East Buchanan,0,Lathrop,1
2018-09-25,Blue Springs,1,Lee's Summit North,2
2018-09-25,Holden,18,Leeton,0
2018-09-25,Monett,9,Logan-Rogersville,14
2018-09-25,North Callaway,6,Louisiana,2
2018-09-25,Richland,14,Macks Creek,2
2018-09-25,Marion County,3,Madison,9
2018-09-25,Harrisburg,0,Marceline,10
2018-09-25,Glendale,11,Marion C. Early,12
2018-09-25,Clopton,11,Mark Twain,1
2018-09-25,St. James,0,Maryville,17
2018-09-25,Polo,12,Milan,3
2018-09-25,Wellsville-Middletown,0,Montgomery County,20
2018-09-25,Webb City,3,Neosho,5
2018-09-25,East Newton,1,Nevada,11
2018-09-25,Pacific,20,New Haven,6
2018-09-25,Republic,9,Nixa,4
2018-09-25,Fort Osage,16,North Kansas City,0
2018-09-25,Moberly,14,Northeast (Cairo),3
2018-09-25,Norborne,28,Northwestern (Mendon),14
2018-09-25,Nerinx Hall,2,Notre Dame (St. Louis),8
2018-09-25,La Plata,22,Novinger,3
2018-09-25,Pleasant Hill,2,Oak Grove,4
2018-09-25,Ruskin,0,Oak Park,13
2018-09-25,Warrensburg,6,Odessa,1
2018-09-25,Winfield,11,Orchard Farm,7
2018-09-25,Bolivar,13,Osage,1
2018-09-25,Union,5,Owensville,4
2018-09-25,Brookfield,0,Palmyra,6
2018-09-25,Staley,3,Park Hill,1
2018-09-25,Liberty,8,Park Hill South,6
2018-09-25,Mehlville,3,Parkway Central,13
2018-09-25,Parkway West,7,Parkway North,1
2018-09-25,Marquette,7,Parkway South,3
2018-09-25,Kirkwood,18,Pattonville,4
2018-09-25,Mid-Buchanan,0,Penney,10
2018-09-25,North Platte,2,Plattsburg,17
2018-09-25,Lee's Summit West,8,Raymore-Peculiar,0
2018-09-25,Boonville,1,Rock Bridge,14
2018-09-25,Lafayette (Wildwood),10,Rockwood Summit,8
2018-09-25,Hillcrest,1,Rolla,5
2018-09-25,Westran,0,Schuyler County,14
2018-09-25,North Nodaway,2,Savannah,3
2018-09-25,Lindbergh,2,Seckman,4
2018-09-25,Aurora,8,Seneca,5
2018-09-25,Clinton,0,Sherwood,16
2018-09-25,Raytown South,5,Smithville,20
2018-09-25,McCluer North,1,St. Charles,16
2018-09-25,St. James,5,St. Clair,6
2018-09-25,Summit Christian Academy,15,St. Michael the Archangel,5
2018-09-25,Chillicothe,13,St. Pius X (Kansas City),3
2018-09-25,Worth County,1,Vienna,4
2018-09-25,Newburg,0,Westran,14
2018-09-25,Hermann,0,Webb City,16
2018-09-25,Ft. Zumwalt South,5,Timberland,7
2018-09-25,Ft. Zumwalt West,0,Troy Buchanan,4
2018-09-25,Lee's Summit,4,St. Charles,11
2018-09-25,Jamestown,13,Tuscumbia,14
2018-09-25,Silex,2,Van-Far,3
2018-09-25,Elsberry,15,Veritas Christian Academy,4
2018-09-25,Belle,4,Vienna,5
2018-09-25,Mansfield,1,Walnut Grove,8
2018-09-25,Ft. Zumwalt East,3,Washington,8
2018-09-25,Hazelwood West,12,Webster Groves,0
2018-09-25,Central (Springfield),1,West Plains,16
2018-09-25,Ladue Horton Watkins,3,Westminster Christian Academy,13
2018-09-25,El Dorado Springs,9,Wheatland,6
2018-09-25,Ozark,7,Willard,5
2018-09-25,Raytown,1,William Chrisman,11
2018-09-25,Salem,0,Willow Springs,2
2018-09-26,Rosati-Kain,13,Bishop DuBourg,6
2018-09-26,Atlanta,20,Brashear,2
2018-09-26,Hancock,19,Brentwood,1
2018-09-26,Park Hill South,9,Central (St. Joseph),4
2018-09-26,Notre Dame (Cape Girardeau),9,Chaffee,7
2018-09-26,Webster Groves,3,Cor Jesu Academy,8
2018-09-26,North Nodaway,17,DeKalb,0
2018-09-26,Buffalo,17,El Dorado Springs,0
2018-09-26,Scotland County,11,Fayette,3
2018-09-26,Holt,10,Francis Howell,0
2018-09-26,St. Dominic,12,Francis Howell North,1
2018-09-26,Francis Howell Central,5,Ft. Zumwalt West,15
2018-09-26,Pilot Grove,16,Glasgow,0
2018-09-26,Grain Valley,22,Grandview,1
2018-09-26,Hazelwood Central,2,Hazelwood West,12
2018-09-26,Lexington,3,Holden,4
2018-09-26,Farmington,11,Jefferson (Festus),1
2018-09-26,Fulton,11,Kirksville,5
2018-09-26,Ritenour,3,Kirkwood,13
2018-09-26,Clark County,13,La Plata,12
2018-09-26,St. Charles,14,Ladue Horton Watkins,9
2018-09-26,Blue Springs,10,Lee's Summit,11
2018-09-26,St. Charles,1,Liberty,4
2018-09-26,Washington,8,Liberty (Wentzville),3
2018-09-26,St. Joseph's Academy,2,Lutheran South,3
2018-09-26,Warsaw,15,Marshall,0
2018-09-26,Incarnate Word Academy,29,McCluer North,5
2018-09-26,Battle,3,Mexico,10
2018-09-26,Affton,20,Nerinx Hall,13
2018-09-26,Parkway West,6,Parkway Central,0
2018-09-26,Parkway North,5,Parkway South,10
2018-09-26,North Andrew,17,Pattonsburg,7
2018-09-26,Kelly,8,Perryville,5
2018-09-26,St. Elizabeth,0,Polo,5
2018-09-26,Harrisburg,7,Schuyler County,10
2018-09-26,Fayette,2,Schuyler County,12
2018-09-26,Hillsboro,1,Seckman,7
2018-09-26,Lamar,3,Seneca,4
2018-09-26,Madison,14,Salem,0
2018-09-26,Notre Dame (St. Louis),1,St. Joseph's Academy,9
2018-09-26,Waynesville,15,St. James,0
2018-09-26,Knob Noster,10,St. Michael the Archangel,0
2018-09-26,Raymore-Peculiar,10,St. Teresa's Academy,0
2018-09-26,St. Clair,15,Warsaw,8
2018-09-26,New Haven,12,Valley Park,2
2018-09-26,Parkview,0,Walnut Grove,15
2018-09-26,Ozark,10,Webb City,3
2018-09-27,Ladue Horton Watkins,2,Affton,17
2018-09-27,Putnam County,5,Albany,3
2018-09-27,Ava,8,Alton,5
2018-09-27,Novinger,0,Atlanta,24
2018-09-27,Cassville,3,Aurora,1
2018-09-27,Dora,14,Bakersfield,2
2018-09-27,Fatima,0,Blair Oaks,11
2018-09-27,Park Hill,8,Blue Springs South,3
2018-09-27,California,7,Boonville,4
2018-09-27,Carl Junction,5,Branson,9
2018-09-27,Gateway Science Charter,0,Brentwood,15
2018-09-27,Monroe City,2,Canton,0
2018-09-27,Centralia,12,Clark County,0
2018-09-27,St. Michael the Archangel,21,Clinton,5
2018-09-27,Wright City,0,Clopton,4
2018-09-27,Highland,14,Community,0
2018-09-27,Halfway,14,Dadeville,0
2018-09-27,Perryville,1,DeSoto,6
2018-09-27,Cuba,11,Dixon,6
2018-09-27,North Platte,0,East Buchanan,12
2018-09-27,Seneca,9,East Newton,8
2018-09-27,Hallsville,7,Eldon,12
2018-09-27,Mark Twain,3,Elsberry,13
2018-09-27,Marceline,11,Fayette,1
2018-09-27,Lutheran South,8,Festus,1
2018-09-27,William Chrisman,2,Fort Osage,3
2018-09-27,Troy Buchanan,30,Francis Howell North,2
2018-09-27,Herculaneum,2,Fredericktown,12
2018-09-27,Ft. Zumwalt East,1,Ft. Zumwalt South,6
2018-09-27,Hannibal,4,Fulton,10
2018-09-27,Worth County,15,Glasgow,4
2018-09-27,Mansfield,9,Glendale,10
2018-09-27,Parkway Central,2,Hazelwood West,5
2018-09-27,El Dorado Springs,12,Hermitage,11
2018-09-27,Lafayette County,2,Holden,12
2018-09-27,Marion C. Early,19,Humansville,2
2018-09-27,Higbee,3,Jamestown,14
2018-09-27,Clayton,19,Jennings,4
2018-09-27,Northwest (Cedar Hill),8,Kirkwood,6
2018-09-27,Harrisburg,0,Knox County,15
2018-09-27,Newburg,2,Laquey,13
2018-09-27,Penney,2,Lathrop,0
2018-09-27,Mid-Buchanan,22,Lawson,12
2018-09-27,Rolla,8,Lebanon,12
2018-09-27,Staley,8,Lee's Summit,5
2018-09-27,Lee's Summit North,1,Lee's Summit West,2
2018-09-27,Knob Noster,5,Lexington,1
2018-09-27,Park Hill South,1,Liberty North,6
2018-09-27,Oakville,2,Lindbergh,6
2018-09-27,Montgomery County,4,Louisiana,6
2018-09-27,Trinity Catholic,2,Lutheran St. Charles,5
2018-09-27,Central (Springfield),4,Macks Creek,14
2018-09-27,Chillicothe,6,Macon,7
2018-09-27,Eureka,8,Marquette,6
2018-09-27,Nevada,15,Marshfield,5
2018-09-27,Benton,12,Maryville,9
2018-09-27,University City,32,McCluer,8
2018-09-27,Hazelwood Central,13,McCluer North,10
2018-09-27,Riverview Gardens,8,McCluer South-Berkeley,25
2018-09-27,Logan-Rogersville,2,McDonald County,3
2018-09-27,Fox,13,Mehlville,1
2018-09-27,Moberly,0,Mexico,10
2018-09-27,Lamar,1,Monett,11
2018-09-27,East Carter,8,Neelyville,1
2018-09-27,Van Buren,0,Neelyville,7
2018-09-27,Pilot Grove,18,New Franklin,2
2018-09-27,Neosho,6,Nixa,3
2018-09-27,Gallatin,15,North Andrew,3
2018-09-27,Silex,4,North Callaway,7
2018-09-27,Madison,0,Northeast (Cairo),1
2018-09-27,Willow Springs,5,Norwood,1
2018-09-27,St. Pius X (Kansas City),10,Notre Dame de Sion,2
2018-09-27,Belton,2,Oak Park,3
2018-09-27,Oak Grove,8,Odessa,6
2018-09-27,Warrenton,9,Orchard Farm,0
2018-09-27,Iberia,4,Osage,14
2018-09-27,Salem,3,Owensville,5
2018-09-27,Carthage,3,Ozark,13
2018-09-27,Ritenour,0,Parkway North,12
2018-09-27,Webster Groves,10,Parkway West,2
2018-09-27,Milan,7,Pattonsburg,3
2018-09-27,Smithville,0,Platte County,1
2018-09-27,Harrisonville,1,Pleasant Hill,16
2018-09-27,Ruskin,1,Raytown,16
2018-09-27,Grandview,2,Raytown South,12
2018-09-27,Webb City,7,Republic,8
2018-09-27,Carrollton,8,Richmond,9
2018-09-27,Seckman,15,Rockwood Summit,3
2018-09-27,Veritas Christian Academy,3,Rosati-Kain,9
2018-09-27,Calvary Lutheran,1,Russellville,10
2018-09-27,Schuyler County,0,Schuyler County,1
2018-09-27,Lafayette (St. Joseph),0,Savannah,7
2018-09-27,Brookfield,0,Schuyler County,3
2018-09-27,Schuyler County,13,Scotland County,0
2018-09-27,Hale,12,Salem,1
2018-09-27,St. Michael the Archangel,1,Savannah,23
2018-09-27,New Bloomfield,7,Slater,4
2018-09-27,Palmyra,12,South Shelby,0
2018-09-27,Versailles,0,Southern Boone,15
2018-09-27,Crocker,4,Van-Far,10
2018-09-27,Belle,10,St. James,6
2018-09-27,Trenton,12,Vienna,0
2018-09-27,Vienna,22,Warsaw,0
2018-09-27,Butler,2,Summit Christian Academy,13
2018-09-27,St. Joseph's Academy,5,Union,0
2018-09-27,Hermann,2,Van-Far,14
2018-09-27,Excelsior Springs,0,Warrensburg,10
2018-09-27,Sherwood,6,Weaubleau,0
2018-09-27,Bowling Green,17,Wellsville-Middletown,0
2018-09-27,Parkview,1,West Plains,18
2018-09-27,Joplin,6,Willard,9
2018-09-27,Pacific,5,Windsor (Imperial),12
2018-09-27,St. Charles,10,Winfield,11
2018-09-27,Grain Valley,17,Winnetonka,0
2018-09-27,North Harrison,17,Winston,0
2018-09-27,Princeton,6,Worth County,4
2018-09-28,Bakersfield,1,Alton,6
2018-09-28,Branson,5,Aurora,6
2018-09-28,Clinton,2,Aurora,17
2018-09-28,Parkway Central,12,Aurora,11
2018-09-28,Calvary Lutheran,2,Battle,6
2018-09-28,Maplewood-Richmond Hts.,14,Bayless,4
2018-09-28,Raymore-Peculiar,12,Belton,0
2018-09-28,Ursuline Academy,0,Blair Oaks,10
2018-09-28,Webb City,3,Blue Springs,6
2018-09-28,Ft. Zumwalt West,6,Blue Springs,12
2018-09-28,Troy Buchanan,6,Blue Springs,1
2018-09-28,Waynesville,1,Bolivar,17
2018-09-28,Rock Bridge,3,Bowling Green,0
2018-09-28,St. Joseph's Academy,4,Bowling Green,8
2018-09-28,Liberty (Wentzville),15,Branson,1
2018-09-28,Valley Park,17,Brentwood,0
2018-09-28,Monett,12,Camdenton,13
2018-09-28,Lee's Summit North,8,Camdenton,2
2018-09-28,St. Teresa's Academy,7,Carl Junction,1
2018-09-28,Eldon,4,Carl Junction,7
2018-09-28,Willard,13,Cassville,3
2018-09-28,Lee's Summit North,8,Cassville,0
2018-09-28,Jackson,6,Chaffee,4
2018-09-28,Branson,22,Clinton,0
2018-09-28,Silex,11,Community,1
2018-09-28,Oakville,8,DeSoto,1
2018-09-28,Macks Creek,2,Fair Play,5
2018-09-28,Republic,2,Fatima,4
2018-09-28,Timberland,16,Ft. Zumwalt North,2
2018-09-28,Savannah,2,Ft. Zumwalt South,9
2018-09-28,Blair Oaks,7,Ft. Zumwalt South,0
2018-09-28,Kearney,5,Ft. Zumwalt West,6
2018-09-28,Troy Buchanan,9,Ft. Zumwalt West,16
2018-09-28,Hartville,13,Gainesville,14
2018-09-28,St. Pius X (Festus),15,Herculaneum,0
2018-09-28,Leeton,0,Hermitage,6
2018-09-28,Eldon,9,Hillcrest,17
2018-09-28,Walnut Grove,5,Hillcrest,8
2018-09-28,Versailles,4,Iberia,8
2018-09-28,West County,3,Jefferson (Festus),4
2018-09-28,Lee's Summit West,10,Jefferson City,2
2018-09-28,Kirksville,1,Jefferson City,5
2018-09-28,Oak Grove,8,Joplin,5
2018-09-28,Webb City,14,Joplin,3
2018-09-28,Troy Buchanan,6,Kearney,3
2018-09-28,St. Clair,3,Kelly,4
2018-09-28,Liberty,9,Kickapoo,1
2018-09-28,Republic,7,Kickapoo,8
2018-09-28,Poplar Bluff,12,Kirksville,7
2018-09-28,Linn County,1,La Plata,16
2018-09-28,Bishop DuBourg,9,Ladue Horton Watkins,6
2018-09-28,Reeds Spring,1,Lee's Summit North,11
2018-09-28,Poplar Bluff,2,Lee's Summit West,10
2018-09-28,Logan-Rogersville,3,Liberty,8
2018-09-28,Fatima,1,Logan-Rogersville,2
2018-09-28,Norwood,4,Marion C. Early,5
2018-09-28,Marshfield,0,McDonald County,8
2018-09-28,Rockwood Summit,17,Mehlville,1
2018-09-28,Nixa,14,Monett,2
2018-09-28,Seneca,14,Nevada,4
2018-09-28,Belle,12,New Haven,0
2018-09-28,Waynesville,0,Oak Grove,10
2018-09-28,Troy Buchanan,10,Park Hill South,0
2018-09-28,Kearney,9,Park Hill South,6
2018-09-28,Webb City,6,Park Hill South,16
2018-09-28,Branson,17,Parkway Central,2
2018-09-28,Liberty (Wentzville),8,Parkway Central,1
2018-09-28,Hillsboro,2,Parkway South,3
2018-09-28,Clayton,1,Pattonville,9
2018-09-28,Summit Christian Academy,14,Raytown,6
2018-09-28,Nixa,2,Reeds Spring,10
2018-09-28,Liberty North,1,Rock Bridge,5
2018-09-28,Farmington,2,Seckman,7
2018-09-28,Ursuline Academy,2,Savannah,1
2018-09-28,Liberty North,6,St. Joseph's Academy,3
2018-09-28,Bolivar,0,Webb City,1
2018-09-28,St. Teresa's Academy,8,Walnut Grove,9
2018-09-28,Kearney,2,Webb City,4
2018-09-28,Troy Buchanan,4,Webb City,4
2018-09-28,Willow Springs,2,West Plains,3
2018-09-28,Willow Springs,8,Willard,6
2018-09-29,Carl Junction,11,Aurora,4
2018-09-29,Branson,5,Aurora,6
2018-09-29,Liberty (Wentzville),12,Aurora,2
2018-09-29,Dora,5,Ava,0
2018-09-29,Hartville,7,Ava,6
2018-09-29,Lathrop,7,Benton,0
2018-09-29,Rock Bridge,0,Blair Oaks,1
2018-09-29,Park Hill South,4,Blue Springs,2
2018-09-29,Kearney,0,Blue Springs,9
2018-09-29,Willard,0,Bolivar,13
2018-09-29,Odessa,10,Boonville,5
2018-09-29,Dixon,6,Boonville,14
2018-09-29,Versailles,3,Boonville,8
2018-09-29,Ursuline Academy,5,Bowling Green,16
2018-09-29,Jefferson City,0,Bowling Green,2
2018-09-29,Walnut Grove,13,Branson,17
2018-09-29,La Plata,12,Brashear,2
2018-09-29,Montgomery County,4,Brashear,7
2018-09-29,Marion County,0,Brashear,15
2018-09-29,Knox County,4,Brookfield,1
2018-09-29,Scotland County,3,Brookfield,6
2018-09-29,Sherwood,7,Buffalo,1
2018-09-29,El Dorado Springs,1,Buffalo,11
2018-09-29,Warsaw,10,Butler,0
2018-09-29,El Dorado Springs,4,Butler,5
2018-09-29,Nixa,14,Camdenton,10
2018-09-29,Reeds Spring,5,Camdenton,3
2018-09-29,Fatima,4,Camdenton,8
2018-09-29,Hillcrest,0,Carl Junction,6
2018-09-29,Walnut Grove,11,Carl Junction,5
2018-09-29,West Plains,8,Cassville,13
2018-09-29,Willow Springs,4,Cassville,0
2018-09-29,Joplin,10,Cassville,6
2018-09-29,Macon,11,Centralia,1
2018-09-29,North Callaway,2,Centralia,9
2018-09-29,Hallsville,0,Centralia,21
2018-09-29,Parkway Central,16,Clinton,6
2018-09-29,Liberty (Wentzville),16,Clinton,1
2018-09-29,Hillcrest,15,Clinton,2
2018-09-29,Macks Creek,17,Dadeville,4
2018-09-29,Plattsburg,12,DeKalb,2
2018-09-29,North Platte,1,DeKalb,16
2018-09-29,Marshall,7,Dixon,9
2018-09-29,Gainesville,4,Dora,10
2018-09-29,Norwood,5,Dora,4
2018-09-29,North Platte,3,East Buchanan,18
2018-09-29,Savannah,7,East Buchanan,6
2018-09-29,Lafayette (St. Joseph),13,East Buchanan,9
2018-09-29,Lafayette County,7,East Buchanan,8
2018-09-29,St. Teresa's Academy,6,Eldon,3
2018-09-29,Walnut Grove,7,Eldon,8
2018-09-29,Van-Far,1,Eugene,14
2018-09-29,Wheatland,7,Fair Play,1
2018-09-29,Weaubleau,7,Fair Play,0
2018-09-29,Washington,10,Francis Howell,0
2018-09-29,Poplar Bluff,4,Ft. Zumwalt South,12
2018-09-29,Park Hill South,8,Ft. Zumwalt West,14
2018-09-29,Webb City,6,Ft. Zumwalt West,7
2018-09-29,New Bloomfield,3,Fulton,14
2018-09-29,Mark Twain,1,Fulton,15
2018-09-29,Eugene,4,Fulton,3
2018-09-29,Norwood,12,Gainesville,1
2018-09-29,Excelsior Springs,12,Grandview,2
2018-09-29,Novinger,4,Green City,12
2018-09-29,Milan,8,Green City,1
2018-09-29,Humansville,5,Halfway,17
2018-09-29,Tuscumbia,2,Halfway,6
2018-09-29,Meadville,2,Hardin-Central,9
2018-09-29,Norwood,9,Hartville,3
2018-09-29,Wheatland,0,Hermitage,1
2018-09-29,Weaubleau,13,Hermitage,1
2018-09-29,Scotland County,1,Highland,16
2018-09-29,Knox County,3,Highland,2
2018-09-29,St. Teresa's Academy,22,Hillcrest,6
2018-09-29,Westran,12,Humansville,0
2018-09-29,Versailles,4,Iberia,8
2018-09-29,Pilot Grove,4,Iberia,2
2018-09-29,Ursuline Academy,0,Incarnate Word Academy,18
2018-09-29,Incarnate Word Academy,4,Jefferson City,7
2018-09-29,Bolivar,6,Joplin,4
2018-09-29,Waynesville,10,Joplin,12
2018-09-29,Troy Buchanan,6,Kearney,3
2018-09-29,Logan-Rogersville,10,Kickapoo,6
2018-09-29,Fatima,2,Kickapoo,5
2018-09-29,Nixa,9,Kickapoo,10
2018-09-29,St. Joseph's Academy,1,Kirksville,2
2018-09-29,North Shelby,0,La Plata,14
2018-09-29,New Franklin,2,La Plata,10
2018-09-29,Mid-Buchanan,14,Lafayette (St. Joseph),7
2018-09-29,North Platte,2,Lafayette (St. Joseph),17
2018-09-29,Plattsburg,7,Lafayette (St. Joseph),6
2018-09-29,Mid-Buchanan,5,Lafayette County,2
2018-09-29,Benton,16,Lafayette County,8
2018-09-29,Mid-Buchanan,0,Lathrop,5
2018-09-29,Plattsburg,7,Lathrop,8
2018-09-29,Excelsior Springs,5,Lawson,1
2018-09-29,North Kansas City,6,Lawson,19
2018-09-29,Grandview,0,Lawson,15
2018-09-29,Nixa,1,Lee's Summit North,8
2018-09-29,Monett,2,Lee's Summit North,11
2018-09-29,Willard,4,Lee's Summit North,9
2018-09-29,Liberty,8,Lee's Summit North,15
2018-09-29,Oak Grove,11,Lee's Summit North,1
2018-09-29,Willow Springs,4,Lee's Summit North,0
2018-09-29,St. Charles,2,Lee's Summit West,8
2018-09-29,Blair Oaks,1,Lee's Summit West,14
2018-09-29,Macks Creek,3,Leeton,10
2018-09-29,Fatima,6,Liberty,10
2018-09-29,Republic,2,Liberty,12
2018-09-29,Calvary Lutheran,6,Linn,1
2018-09-29,Westminster Christian Academy,2,Linn,4
2018-09-29,Russellville,0,Linn,4
2018-09-29,Republic,13,Logan-Rogersville,10
2018-09-29,Reeds Spring,2,Logan-Rogersville,1
2018-09-29,Trenton,10,Macon,0
2018-09-29,Putnam County,9,Macon,2
2018-09-29,St. Elizabeth,4,Marceline,12
2018-09-29,Montgomery County,12,Marion County,4
2018-09-29,North Shelby,5,Marion County,13
2018-09-29,Silex,9,Mark Twain,2
2018-09-29,Wright City,9,Mark Twain,0
2018-09-29,Pilot Grove,5,Marshall,3
2018-09-29,Versailles,14,Marshall,13
2018-09-29,Hartville,12,Marshfield,11
2018-09-29,Norborne,20,Meadville,3
2018-09-29,Palmyra,0,Mexico,13
2018-09-29,Trenton,3,Mexico,6
2018-09-29,Putnam County,0,Mexico,15
2018-09-29,Novinger,3,Milan,14
2018-09-29,Reeds Spring,8,Monett,2
2018-09-29,Republic,14,Monett,8
2018-09-29,New Franklin,3,Montgomery County,13
2018-09-29,St. Charles,15,Nerinx Hall,12
2018-09-29,Silex,1,New Bloomfield,2
2018-09-29,North Shelby,5,New Franklin,22
2018-09-29,Vienna,15,Newburg,0
2018-09-29,Laquey,14,Newburg,5
2018-09-29,Putnam County,12,North Callaway,5
2018-09-29,Palmyra,8,North Callaway,9
2018-09-29,Excelsior Springs,15,North Kansas City,2
2018-09-29,Grandview,11,North Kansas City,24
2018-09-29,St. Elizabeth,7,Northeast (Cairo),16
2018-09-29,Father Tolton,15,Notre Dame (St. Louis),0
2018-09-29,Webb City,3,Oak Grove,2
2018-09-29,Bolivar,4,Oak Grove,5
2018-09-29,Iberia,0,Odessa,9
2018-09-29,Osage,5,Odessa,4
2018-09-29,Dixon,2,Osage,12
2018-09-29,Pilot Grove,2,Osage,4
2018-09-29,Eldon,1,Parkway Central,9
2018-09-29,Winston,5,Pattonsburg,18
2018-09-29,Vienna,10,Richland,1
2018-09-29,Laquey,2,Richland,9
2018-09-29,Newburg,17,Richland,22
2018-09-29,Calvary Lutheran,8,Russellville,7
2018-09-29,Westminster Christian Academy,9,Russellville,3
2018-09-29,DeKalb,9,Savannah,16
2018-09-29,Plattsburg,6,Savannah,2
2018-09-29,Benton,12,Savannah,11
2018-09-29,Northeast (Cairo),3,Schuyler County,18
2018-09-29,Marceline,10,Schuyler County,6
2018-09-29,Warsaw,8,Sherwood,13
2018-09-29,Van-Far,1,Silex,3
2018-09-29,Meadville,19,Salem,1
2018-09-29,Norborne,15,Salem,0
2018-09-29,St. Joseph's Academy,10,Savannah,0
2018-09-29,Wright City,2,Slater,9
2018-09-29,New Bloomfield,3,Slater,4
2018-09-29,Eugene,14,Slater,5
2018-09-29,Halfway,8,St. Clair,9
2018-09-29,Tuscumbia,4,St. Clair,7
2018-09-29,Westran,7,St. Clair,1
2018-09-29,Wright City,1,Van-Far,9
2018-09-29,Liberty (Wentzville),15,St. Teresa's Academy,3
2018-09-29,Waynesville,0,Webb City,17
2018-09-29,Willow Springs,2,Webb City,7
2018-09-29,Hallsville,3,Trenton,18
2018-09-29,Rock Bridge,10,St. Charles,0
2018-09-29,Laquey,0,Vienna,23
2018-09-29,West Plains,6,Waynesville,1
2018-09-29,Troy Buchanan,4,Webb City,4
2018-09-29,Willard,7,West Plains,2
2018-09-29,Calvary Lutheran,9,Westminster Christian Academy,3
2018-10-01,West County,4,Alton,0
2018-10-01,East Newton,6,Aurora,2
2018-10-01,Willow Springs,10,Ava,3
2018-10-01,Centralia,6,Battle,3
2018-10-01,Herculaneum,21,Bayless,6
2018-10-01,Marshfield,12,Buffalo,2
2018-10-01,Jamestown,1,California,9
2018-10-01,New Haven,2,Calvary Lutheran,11
2018-10-01,Richmond,2,Cameron,3
2018-10-01,Nixa,11,Cassville,9
2018-10-01,Lee's Summit,7,Central (St. Joseph),6
2018-10-01,Westminster Christian Academy,23,Clayton,1
2018-10-01,Odessa,23,Clinton,0
2018-10-01,Warsaw,1,Crocker,12
2018-10-01,Owensville,10,Cuba,7
2018-10-01,Belle,11,Dixon,12
2018-10-01,Humansville,10,El Dorado Springs,5
2018-10-01,Wheatland,6,Fair Play,3
2018-10-01,Schuyler County,0,Father Tolton,5
2018-10-01,Eugene,0,Fatima,4
2018-10-01,Knox County,18,Fayette,0
2018-10-01,Marquette,9,Francis Howell,0
2018-10-01,Ft. Zumwalt South,6,Francis Howell Central,18
2018-10-01,Moberly,1,Fulton,11
2018-10-01,East Buchanan,14,Gallatin,2
2018-10-01,Raytown South,0,Grain Valley,15
2018-10-01,Smithville,14,Grandview,0
2018-10-01,Boonville,9,Hallsville,10
2018-10-01,New Franklin,7,Hallsville,8
2018-10-01,St. Pius X (Festus),7,Hancock,9
2018-10-01,Mexico,11,Hannibal,0
2018-10-01,Marion C. Early,16,Hartville,5
2018-10-01,Monroe City,0,Highland,10
2018-10-01,Windsor (Imperial),1,Hillsboro,5
2018-10-01,Knob Noster,3,Holden,9
2018-10-01,Glendale,0,Kickapoo,15
2018-10-01,Francis Howell North,0,Lafayette (Wildwood),6
2018-10-01,Westran,13,Laquey,1
2018-10-01,North Harrison,0,Lathrop,11
2018-10-01,Central (Springfield),0,Lebanon,15
2018-10-01,Penney,5,Lexington,1
2018-10-01,Liberty North,2,Liberty,5
2018-10-01,Fox,3,Lindbergh,17
2018-10-01,Tri-County,0,Linn County,6
2018-10-01,South Shelby,3,Louisiana,4
2018-10-01,McCluer North,1,Lutheran St. Charles,16
2018-10-01,Weaubleau,9,Macks Creek,2
2018-10-01,Clark County,7,Macon,16
2018-10-01,Westran,6,Madison,9
2018-10-01,Gainesville,4,Mansfield,5
2018-10-01,Van-Far,21,Marion County,0
2018-10-01,Lafayette (St. Joseph),14,Maryville,4
2018-10-01,Mid-Buchanan,10,Maysville,0
2018-10-01,Brashear,11,Meadville,8
2018-10-01,East Carter,6,Naylor,4
2018-10-01,Central (Cape Girardeau),1,Neelyville,8
2018-10-01,Kirkwood,14,Nerinx Hall,5
2018-10-01,Pleasant Hill,8,Nevada,5
2018-10-01,Sikeston,0,North County,8
2018-10-01,North Andrew,10,North Nodaway,13
2018-10-01,DeKalb,14,North Platte,1
2018-10-01,Atlanta,19,North Shelby,2
2018-10-01,Cor Jesu Academy,2,Northwest (Cedar Hill),10
2018-10-01,Summit Christian Academy,3,Oak Grove,10
2018-10-01,Ft. Zumwalt East,0,Orchard Farm,10
2018-10-01,Washington,9,Pacific,0
2018-10-01,Canton,1,Palmyra,11
2018-10-01,Blue Springs,6,Park Hill,4
2018-10-01,Camdenton,23,Parkview,0
2018-10-01,Hazelwood West,4,Parkway North,5
2018-10-01,Chaffee,3,Perryville,4
2018-10-01,Kearney,2,Platte County,1
2018-10-01,Hardin-Central,1,Polo,4
2018-10-01,Brookfield,1,Putnam County,2
2018-10-01,Blue Springs South,3,Raymore-Peculiar,0
2018-10-01,Osage,15,Richland,0
2018-10-01,Parkway Central,8,Ritenour,4
2018-10-01,Helias Catholic,2,Rock Bridge,3
2018-10-01,Fort Osage,21,Ruskin,0
2018-10-01,Slater,8,Russellville,6
2018-10-01,St. Clair,5,Salem,9
2018-10-01,Milan,0,Schuyler County,10
2018-10-01,Festus,5,Seckman,9
2018-10-01,Butler,1,Sherwood,11
2018-10-01,Carrollton,20,Salem,0
2018-10-01,Jefferson City,9,Savannah,2
2018-10-01,Albany,15,St. James,3
2018-10-01,St. Charles,12,Staley,1
2018-10-01,Northeast (Cairo),6,Worth County,3
2018-10-01,Lutheran South,1,Webb City,8
2018-10-01,Marceline,0,Trenton,11
2018-10-01,Gateway Science Charter,1,Trinity Catholic,23
2018-10-01,Van-Far,10,Tuscumbia,2
2018-10-01,East Prairie,0,St. Clair,10
2018-10-01,Hazelwood Central,17,University City,1
2018-10-01,Bishop DuBourg,0,Valley Park,10
2018-10-01,Alton,3,Van Buren,7
2018-10-01,West County,7,Van Buren,4
2018-10-01,St. Charles,11,Veritas Christian Academy,0
2018-10-01,Bowling Green,4,Warrenton,0
2018-10-01,Versailles,0,Warsaw,10
2018-10-01,Rolla,19,Waynesville,9
2018-10-01,McDonald County,7,Webb City,6
2018-10-01,Community,16,Wellsville-Middletown,1
2018-10-01,Hillcrest,4,West Plains,3
2018-10-01,North Kansas City,7,William Chrisman,8
2018-10-01,Elsberry,9,Winfield,10
2018-10-01,Oak Park,8,Winnetonka,9
2018-10-01,Hermann,0,Wright City,15
2018-10-02,Pacific,12,Affton,4
2018-10-02,Maysville,13,Albany,1
2018-10-02,Nevada,13,Aurora,0
2018-10-02,Gateway Science Charter,17,Bayless,18
2018-10-02,Laquey,4,Belle,14
2018-10-02,Madison,5,Bevier,1
2018-10-02,Southern Boone,1,Blair Oaks,4
2018-10-02,Lee's Summit North,5,Blue Springs South,2
2018-10-02,Warsaw,2,Bolivar,4
2018-10-02,Fulton,11,Boonville,5
2018-10-02,Clopton,1,Bowling Green,6
2018-10-02,Willard,7,Branson,11
2018-10-02,Marion County,2,Brashear,9
2018-10-02,Trenton,14,Brookfield,2
2018-10-02,Clinton,0,Buffalo,20
2018-10-02,Nixa,13,Carl Junction,0
2018-10-02,Lexington,3,Carrollton,7
2018-10-02,Hallsville,2,Centralia,17
2018-10-02,Louisiana,6,Community,7
2018-10-02,Richland,3,Cuba,13
2018-10-02,Crocker,9,Dixon,1
2018-10-02,Naylor,4,Doniphan,9
2018-10-02,Penney,6,East Buchanan,1
2018-10-02,Lamar,1,East Newton,7
2018-10-02,Central (Cape Girardeau),16,East Prairie,6
2018-10-02,Lindbergh,4,Eureka,5
2018-10-02,Oak Grove,5,Excelsior Springs,2
2018-10-02,St. Joseph's Academy,6,Father Tolton,4
2018-10-02,Schuyler County,18,Fayette,1
2018-10-02,Belton,2,Fort Osage,9
2018-10-02,Kirkwood,10,Fox,6
2018-10-02,Francis Howell Central,5,Francis Howell North,6
2018-10-02,Farmington,14,Fredericktown,0
2018-10-02,Veritas Christian Academy,1,Ft. Zumwalt East,0
2018-10-02,Parkway North,3,Ft. Zumwalt North,7
2018-10-02,Holt,4,Ft. Zumwalt West,3
2018-10-02,Platte County,16,Grandview,0
2018-10-02,Hale,6,Hardin-Central,12
2018-10-02,Warrensburg,12,Harrisonville,2
2018-10-02,Dora,10,Hartville,5
2018-10-02,South Shelby,1,Highland,4
2018-10-02,Fair Play,11,Humansville,8
2018-10-02,North County,1,Jackson,10
2018-10-02,DeSoto,9,Jefferson (Festus),0
2018-10-02,Riverview Gardens,17,Jennings,11
2018-10-02,Neosho,13,Joplin,4
2018-10-02,Poplar Bluff,4,Kelly,5
2018-10-02,Parkview,0,Kickapoo,16
2018-10-02,Hannibal,8,Kirksville,5
2018-10-02,Lafayette County,1,Knob Noster,8
2018-10-02,Marceline,3,Knox County,1
2018-10-02,Valley Park,13,Ladue Horton Watkins,15
2018-10-02,Benton,9,Lafayette (St. Joseph),10
2018-10-02,Park Hill South,6,Lee's Summit,2
2018-10-02,Blue Springs,0,Lee's Summit West,3
2018-10-02,Pilot Grove,9,Leeton,0
2018-10-02,Halfway,8,Macks Creek,9
2018-10-02,Ava,5,Mansfield,3
2018-10-02,North Callaway,12,Mark Twain,0
2018-10-02,Lafayette (Wildwood),0,Marquette,8
2018-10-02,Logan-Rogersville,8,Marshfield,0
2018-10-02,Orchard Farm,15,McCluer North,0
2018-10-02,Hazelwood West,12,Mehlville,2
2018-10-02,Linn County,10,Milan,13
2018-10-02,McDonald County,5,Monett,4
2018-10-02,Macon,2,Monroe City,7
2018-10-02,Elsberry,13,Montgomery County,9
2018-10-02,Chaffee,4,Neelyville,2
2018-10-02,Incarnate Word Academy,15,Nerinx Hall,2
2018-10-02,Jamestown,11,New Franklin,1
2018-10-02,Glasgow,1,Norborne,16
2018-10-02,McCluer,6,Normandy Collaborative,13
2018-10-02,Putnam County,7,North Harrison,2
2018-10-02,Ruskin,1,North Kansas City,17
2018-10-02,North Andrew,10,North Nodaway,13
2018-10-02,Lawson,19,North Platte,3
2018-10-02,Salem,0,Northeast (Cairo),15
2018-10-02,Bakersfield,2,Norwood,12
2018-10-02,St. Dominic,10,Notre Dame (St. Louis),7
2018-10-02,Rockwood Summit,5,Oakville,3
2018-10-02,California,5,Osage,10
2018-10-02,Seckman,0,Parkway South,7
2018-10-02,Ursuline Academy,1,Parkway West,11
2018-10-02,Princeton,13,Pattonsburg,0
2018-10-02,Webster Groves,8,Pattonville,3
2018-10-02,Lathrop,2,Plattsburg,3
2018-10-02,Odessa,15,Pleasant Hill,4
2018-10-02,Park Hill,1,Raymore-Peculiar,2
2018-10-02,Oak Park,20,Raytown,2
2018-10-02,Seneca,0,Reeds Spring,10
2018-10-02,Ozark,14,Republic,12
2018-10-02,Holden,11,Richmond,2
2018-10-02,Glendale,7,Rolla,17
2018-10-02,Lutheran St. Charles,7,Rosati-Kain,14
2018-10-02,Eldon,2,Russellville,7
2018-10-02,Alton,14,Salem,8
2018-10-02,Maryville,3,Savannah,13
2018-10-02,North Shelby,1,Scotland County,16
2018-10-02,Central (Springfield),8,Smithville,10
2018-10-02,St. Michael the Archangel,0,Sherwood,15
2018-10-02,East Carter,6,Sikeston,3
2018-10-02,Wellsville-Middletown,0,Silex,14
2018-10-02,Grain Valley,5,Smithville,7
2018-10-02,St. Pius X (Kansas City),9,St. Teresa's Academy,10
2018-10-02,Liberty,3,Staley,1
2018-10-02,Hermitage,1,Westran,16
2018-10-02,Liberty (Wentzville),5,Timberland,17
2018-10-02,Bishop DuBourg,17,Trinity Catholic,0
2018-10-02,Central (St. Joseph),0,St. Charles,1
2018-10-02,Iberia,12,Tuscumbia,1
2018-10-02,Van Buren,6,St. Clair,16
2018-10-02,Clayton,17,University City,18
2018-10-02,Webb City,4,Washington,2
2018-10-02,Walnut Grove,2,Weaubleau,0
2018-10-02,Carthage,1,Webb City,13
2018-10-02,Schuyler County,9,Westran,1
2018-10-02,Dadeville,0,Wheatland,9
2018-10-02,Kearney,18,Winnetonka,3
2018-10-02,Van-Far,11,Wright City,7
2018-10-03,Doniphan,11,Alton,4
2018-10-03,Warrenton,2,Battle,1
2018-10-03,Savannah,3,Benton,4
2018-10-03,Mark Twain,1,Canton,11
2018-10-03,Nevada,11,Carl Junction,1
2018-10-03,Glendale,14,Central (Springfield),2
2018-10-03,Jennings,9,Clayton,14
2018-10-03,Incarnate Word Academy,9,Cor Jesu Academy,10
2018-10-03,St. James,3,DeKalb,9
2018-10-03,Parkway South,8,DeSoto,9
2018-10-03,Kelly,15,East Prairie,0
2018-10-03,Jefferson (Festus),2,Festus,9
2018-10-03,Eureka,13,Francis Howell,4
2018-10-03,Central (Cape Girardeau),16,Fredericktown,0
2018-10-03,Francis Howell North,8,Ft. Zumwalt South,18
2018-10-03,Affton,9,Hancock,11
2018-10-03,Liberty (Wentzville),9,Hazelwood West,2
2018-10-03,Brentwood,6,Herculaneum,3
2018-10-03,Ozark,3,Hillcrest,5
2018-10-03,Lafayette (Wildwood),9,Hillsboro,7
2018-10-03,Raytown South,1,Kearney,16
2018-10-03,Cassville,5,Lamar,7
2018-10-03,Liberty North,3,Lee's Summit West,2
2018-10-03,Webster Groves,2,Lindbergh,6
2018-10-03,La Plata,16,Meadville,0
2018-10-03,Hannibal,2,Mexico,16
2018-10-03,Westran,1,Moberly,7
2018-10-03,Madison,6,New Franklin,7
2018-10-03,Richland,18,Newburg,1
2018-10-03,West Platte,6,North Andrew,11
2018-10-03,Excelsior Springs,12,Notre Dame de Sion,2
2018-10-03,Fort Osage,8,Oak Park,9
2018-10-03,Mehlville,0,Oakville,15
2018-10-03,Ft. Zumwalt North,7,Orchard Farm,5
2018-10-03,Troy Buchanan,10,Palmyra,0
2018-10-03,St. Charles,2,Park Hill South,12
2018-10-03,Lutheran South,9,Parkway West,0
2018-10-03,Parkway Central,3,Pattonville,5
2018-10-03,Notre Dame (Cape Girardeau),13,Perryville,7
2018-10-03,Clark County,1,Putnam County,2
2018-10-03,Blue Springs,1,Raymore-Peculiar,2
2018-10-03,Kirkwood,3,Seckman,4
2018-10-03,Farmington,7,Sikeston,2
2018-10-03,Glasgow,20,Salem,22
2018-10-03,Rock Bridge,5,Savannah,0
2018-10-03,Owensville,0,Slater,2
2018-10-03,Jefferson City,7,Southern Boone,2
2018-10-03,Belton,2,St. Teresa's Academy,12
2018-10-03,St. James,18,Warsaw,10
2018-10-03,Harrisburg,8,Worth County,6
2018-10-03,Hazelwood Central,11,Trinity Catholic,7
2018-10-03,Westran,6,Tuscumbia,1
2018-10-03,Sherwood,2,Warrensburg,1
2018-10-03,Parkway North,14,Westminster Christian Academy,7
2018-10-03,Kickapoo,11,Willard,2
2018-10-03,Pacific,5,Windsor (Imperial),12
2018-10-04,North Nodaway,7,Albany,9
2018-10-04,Kirksville,0,Battle,2
2018-10-04,St. Pius X (Festus),19,Bayless,0
2018-10-04,Eldon,14,Boonville,9
2018-10-04,North Callaway,0,Bowling Green,3
2018-10-04,Branson,13,Buffalo,12
2018-10-04,Lamar,13,Butler,0
2018-10-04,New Bloomfield,1,Calvary Lutheran,9
2018-10-04,Trenton,10,Cameron,0
2018-10-04,Scotland County,2,Canton,4
2018-10-04,Republic,10,Carl Junction,0
2018-10-04,Staley,12,Central (St. Joseph),1
2018-10-04,Palmyra,8,Centralia,9
2018-10-04,Central (Cape Girardeau),2,Chaffee,9
2018-10-04,South Shelby,1,Clark County,4
2018-10-04,Normandy Collaborative,3,Clayton,13
2018-10-04,Nevada,16,Clinton,0
2018-10-04,Hermitage,10,Dadeville,0
2018-10-04,St. James,3,DeKalb,9
2018-10-04,Doniphan,22,East Prairie,2
2018-10-04,Linn,2,Eugene,5
2018-10-04,Pleasant Hill,8,Excelsior Springs,11
2018-10-04,El Dorado Springs,8,Fair Play,16
2018-10-04,Perryville,1,Farmington,5
2018-10-04,Russellville,1,Fatima,3
2018-10-04,Windsor (Imperial),9,Festus,11
2018-10-04,Francis Howell North,2,Ft. Zumwalt West,16
2018-10-04,Dora,13,Gainesville,2
2018-10-04,Brashear,10,Green City,5
2018-10-04,California,13,Hallsville,3
2018-10-04,Northeast (Cairo),9,Harrisburg,8
2018-10-04,Affton,24,Hazelwood Central,8
2018-10-04,Fox,2,Hazelwood West,5
2018-10-04,Carrollton,0,Holden,17
2018-10-04,Francis Howell,1,Holt,11
2018-10-04,Macks Creek,10,Humansville,11
2018-10-04,Sikeston,6,Jackson,14
2018-10-04,McCluer South-Berkeley,25,Jennings,7
2018-10-04,Joplin,0,Kickapoo,13
2018-10-04,Richmond,2,Knob Noster,1
2018-10-04,Highland,6,Knox County,6
2018-10-04,Atlanta,5,La Plata,3
2018-10-04,Eureka,6,Lafayette (Wildwood),1
2018-10-04,Lexington,5,Lafayette County,2
2018-10-04,Versailles,12,Laquey,2
2018-10-04,Plattsburg,13,Lawson,0
2018-10-04,Raymore-Peculiar,3,Lee's Summit North,0
2018-10-04,Marceline,9,Macon,4
2018-10-04,Community,13,Marion County,1
2018-10-04,Louisiana,14,Mark Twain,4
2018-10-04,Worth County,3,Maysville,6
2018-10-04,Northwestern (Mendon),5,Meadville,15
2018-10-04,Fulton,5,Mexico,7
2018-10-04,East Buchanan,6,Mid-Buchanan,7
2018-10-04,Novinger,0,Milan,15
2018-10-04,Marshall,1,Moberly,6
2018-10-04,New Haven,2,Montgomery County,8
2018-10-04,East Newton,0,Neosho,4
2018-10-04,Richland,17,Newburg,1
2018-10-04,Winston,3,Northeast Nodaway,18
2018-10-04,West Plains,6,Norwood,2
2018-10-04,Kelly,1,Notre Dame (Cape Girardeau),2
2018-10-04,Fort Osage,8,Oak Park,9
2018-10-04,Harrisonville,14,Odessa,17
2018-10-04,Lee's Summit West,3,Park Hill,1
2018-10-04,Lutheran South,8,Parkway Central,0
2018-10-04,McCluer North,4,Parkway North,14
2018-10-04,Oakville,12,Parkway South,2
2018-10-04,Mehlville,0,Parkway West,16
2018-10-04,St. Elizabeth,11,Pattonsburg,3
2018-10-04,North Platte,2,Penney,20
2018-10-04,Winnetonka,0,Platte County,6
2018-10-04,Notre Dame de Sion,9,Raytown,3
2018-10-04,St. Michael the Archangel,16,Raytown South,12
2018-10-04,Hillcrest,4,Reeds Spring,2
2018-10-04,Ladue Horton Watkins,5,Ritenour,7
2018-10-04,Lindbergh,8,Rockwood Summit,1
2018-10-04,Nerinx Hall,4,Rosati-Kain,14
2018-10-04,Brookfield,11,Schuyler County,5
2018-10-04,Marquette,8,Seckman,0
2018-10-04,Cassville,0,Seneca,10
2018-10-04,Elsberry,7,Silex,4
2018-10-04,Timberland,4,St. Dominic,6
2018-10-04,Cor Jesu Academy,3,St. Joseph's Academy,4
2018-10-04,Orchard Farm,16,Trinity Catholic,0
2018-10-04,Naylor,4,St. Clair,5
2018-10-04,Riverview Gardens,16,University City,14
2018-10-04,Clopton,1,Van-Far,3
2018-10-04,Lutheran St. Charles,6,Veritas Christian Academy,7
2018-10-04,Oak Grove,20,Warrensburg,5
2018-10-04,Savannah,0,Warsaw,10
2018-10-04,Lebanon,2,Webb City,22
2018-10-04,Northwest (Cedar Hill),4,Webster Groves,9
2018-10-04,Lathrop,12,West Platte,0
2018-10-04,Bishop DuBourg,7,Westminster Christian Academy,8
2018-10-04,Glendale,2,Willard,14
2018-10-04,Ft. Zumwalt South,12,Winfield,0
2018-10-04,Wellsville-Middletown,0,Wright City,10
2018-10-05,McCluer South-Berkeley,7,Bayless,8
2018-10-05,Dixon,0,Camdenton,10
2018-10-05,Blair Oaks,14,Carthage,0
2018-10-05,East Newton,5,Carthage,3
2018-10-05,Oak Park,5,Carthage,9
2018-10-05,West Plains,3,Cassville,9
2018-10-05,Notre Dame (Cape Girardeau),22,Central (Cape Girardeau),3
2018-10-05,West County,1,Dora,8
2018-10-05,West County,1,East Carter,8
2018-10-05,Dora,1,East Carter,6
2018-10-05,Jefferson City,7,East Newton,0
2018-10-05,Southern Boone,8,Eldon,1
2018-10-05,Lutheran South,10,Farmington,6
2018-10-05,Timberland,15,Francis Howell Central,3
2018-10-05,Ft. Zumwalt North,15,Ft. Zumwalt East,7
2018-10-05,Ft. Zumwalt West,12,Ft. Zumwalt South,7
2018-10-05,Bolivar,1,Helias Catholic,5
2018-10-05,Parkview,15,Hermitage,16
2018-10-05,Versailles,17,Jamestown,4
2018-10-05,Nevada,0,Jefferson City,9
2018-10-05,Blair Oaks,10,Joplin,0
2018-10-05,Neosho,0,Kearney,4
2018-10-05,Parkway North,14,Kirkwood,15
2018-10-05,Liberty,1,Lee's Summit North,12
2018-10-05,Pilot Grove,4,Madison,0
2018-10-05,Hartville,13,Mansfield,3
2018-10-05,Gainesville,5,Marion C. Early,6
2018-10-05,Hillsboro,1,Marquette,2
2018-10-05,Ozark,2,McDonald County,7
2018-10-05,Westran,0,McDonald County,6
2018-10-05,North Callaway,1,Monett,5
2018-10-05,Kearney,9,Monett,6
2018-10-05,Oak Park,0,Nevada,14
2018-10-05,Van-Far,1,New Bloomfield,10
2018-10-05,Tuscumbia,6,New Bloomfield,12
2018-10-05,Neosho,19,North Callaway,4
2018-10-05,St. Joseph's Academy,9,Notre Dame (Cape Girardeau),2
2018-10-05,Ozark,9,Oak Park,2
2018-10-05,Westran,3,Oak Park,7
2018-10-05,Neosho,4,Ozark,19
2018-10-05,Grandview,2,Raytown South,19
2018-10-05,Pacific,11,Rolla,9
2018-10-05,Walnut Grove,14,Smithville,0
2018-10-05,Holt,11,St. Dominic,0
2018-10-05,Parkway Central,0,St. Joseph's Academy,4
2018-10-05,Calvary Lutheran,13,Worth County,1
2018-10-05,Bowling Green,7,Troy Buchanan,2
2018-10-05,Rosati-Kain,5,Ursuline Academy,1
2018-10-05,Maplewood-Richmond Hts.,2,Valley Park,17
2018-10-05,Richland,1,Vienna,11
2018-10-05,Branson,10,West Plains,2
2018-10-05,Veritas Christian Academy,1,Westminster Christian Academy,11
2018-10-05,Dadeville,0,Wheatland,9
2018-10-05,Wellsville-Middletown,0,Wright City,10
2018-10-06,Kearney,0,Blair Oaks,7
2018-10-06,Battle,1,Bolivar,0
2018-10-06,Battle,4,Branson,0
2018-10-06,Monett,8,Carthage,6
2018-10-06,Westran,4,Carthage,0
2018-10-06,Oak Park,5,Carthage,9
2018-10-06,Hillcrest,14,Cassville,6
2018-10-06,West Plains,3,Cassville,9
2018-10-06,Poplar Bluff,7,Central (Cape Girardeau),8
2018-10-06,St. Joseph's Academy,3,Chaffee,2
2018-10-06,Van-Far,6,Clopton,1
2018-10-06,Chaffee,6,DeSoto,8
2018-10-06,St. Joseph's Academy,12,DeSoto,5
2018-10-06,Neelyville,8,Doniphan,10
2018-10-06,Sikeston,7,Doniphan,6
2018-10-06,Naylor,2,Doniphan,1
2018-10-06,Joplin,13,East Newton,7
2018-10-06,Neosho,6,East Newton,1
2018-10-06,Clopton,3,Elsberry,6
2018-10-06,Wellsville-Middletown,2,Elsberry,13
2018-10-06,Bolivar,10,Hillcrest,4
2018-10-06,McDonald County,3,Jefferson City,2
2018-10-06,Kearney,1,Jefferson City,7
2018-10-06,Ozark,13,Joplin,3
2018-10-06,Nevada,10,Joplin,0
2018-10-06,Blair Oaks,10,McDonald County,3
2018-10-06,Nevada,0,Monett,8
2018-10-06,Ozark,6,Monett,4
2018-10-06,Willow Springs,6,Naylor,4
2018-10-06,Van Buren,3,Naylor,9
2018-10-06,Willow Springs,3,Neelyville,1
2018-10-06,Oak Park,2,Nevada,24
2018-10-06,Westran,3,North Callaway,6
2018-10-06,Neosho,4,Ozark,19
2018-10-06,Cor Jesu Academy,9,Pacific,7
2018-10-06,Pacific,11,Rolla,9
2018-10-06,Van Buren,7,Sikeston,9
2018-10-06,Neelyville,10,Sikeston,2
2018-10-06,Willow Springs,15,Van Buren,0
2018-10-06,Cor Jesu Academy,10,Waynesville,1
2018-10-06,Van-Far,16,Wellsville-Middletown,0
2018-10-06,Branson,13,West Plains,4
2018-10-08,Windsor (Imperial),14,Affton,7
2018-10-08,Norwood,15,Alton,2
2018-10-08,Gainesville,3,Ava,7
2018-10-08,Smithville,5,Bakersfield,10
2018-10-08,Riverview Gardens,6,Bayless,11
2018-10-08,Blair Oaks,18,Boonville,0
2018-10-08,Bolivar,10,Branson,1
2018-10-08,New Bloomfield,5,California,3
2018-10-08,Moberly,0,Calvary Lutheran,4
2018-10-08,Lamar,4,Carthage,5
2018-10-08,Joplin,5,Cassville,3
2018-10-08,East Prairie,0,Chaffee,15
2018-10-08,Holden,27,Clinton,1
2018-10-08,St. James,1,Crocker,6
2018-10-08,Hermitage,10,Dadeville,0
2018-10-08,Wheatland,6,El Dorado Springs,1
2018-10-08,Battle,7,Eldon,0
2018-10-08,Pacific,2,Eureka,7
2018-10-08,DeSoto,3,Farmington,1
2018-10-08,Helias Catholic,2,Father Tolton,1
2018-10-08,Notre Dame (Cape Girardeau),2,Festus,3
2018-10-08,Liberty (Wentzville),10,Francis Howell North,0
2018-10-08,St. Clair,12,Fredericktown,9
2018-10-08,Versailles,4,Hallsville,7
2018-10-08,Palmyra,6,Hannibal,3
2018-10-08,Ft. Zumwalt East,1,Hazelwood West,2
2018-10-08,Silex,16,Hermann,0
2018-10-08,Lebanon,0,Hillcrest,9
2018-10-08,Timberland,8,Holt,1
2018-10-08,Valley Park,16,Jefferson (Festus),13
2018-10-08,Troy Buchanan,8,Jefferson City,2
2018-10-08,Jackson,11,Kelly,8
2018-10-08,Lindbergh,22,Kirkwood,10
2018-10-08,Savannah,1,Knob Noster,11
2018-10-08,Northwest (Cedar Hill),7,Lafayette (Wildwood),5
2018-10-08,Iberia,14,Laquey,1
2018-10-08,Fayette,2,Madison,7
2018-10-08,Willard,6,Marshfield,8
2018-10-08,University City,9,McCluer North,20
2018-10-08,Kickapoo,5,Monett,3
2018-10-08,Seneca,4,Neosho,9
2018-10-08,Mehlville,0,Nerinx Hall,17
2018-10-08,Linn,9,New Haven,1
2018-10-08,Cuba,22,Newburg,4
2018-10-08,Westran,9,North Shelby,4
2018-10-08,Veritas Christian Academy,3,Orchard Farm,13
2018-10-08,Marion C. Early,15,Parkview,0
2018-10-08,Westminster Christian Academy,1,Parkway Central,2
2018-10-08,Ladue Horton Watkins,1,Parkway West,8
2018-10-08,Rockwood Summit,7,Pattonville,6
2018-10-08,Salem,0,Pilot Grove,15
2018-10-08,West Plains,4,Poplar Bluff,19
2018-10-08,Raytown South,4,Raytown,9
2018-10-08,Nixa,2,Reeds Spring,3
2018-10-08,Logan-Rogersville,6,Republic,7
2018-10-08,Westran,10,Richland,0
2018-10-08,Osage,1,Southern Boone,3
2018-10-08,Hazelwood Central,0,St. Charles,10
2018-10-08,Fatima,11,Van-Far,0
2018-10-08,St. Dominic,0,St. Joseph's Academy,10
2018-10-08,Bishop DuBourg,0,St. Pius X (Festus),3
2018-10-08,Slater,0,Van-Far,16
2018-10-08,Macks Creek,0,Walnut Grove,10
2018-10-08,Francis Howell Central,1,Warrenton,0
2018-10-08,Union,2,Washington,3
2018-10-08,Lutheran South,7,Webster Groves,4
2018-10-08,Francis Howell,8,Wright City,6
2018-10-09,St. Clair,1,Central (Cape Girardeau),8
2018-10-09,Waynesville,12,Central (Springfield),1
2018-10-09,Incarnate Word Academy,8,Francis Howell North,4
2018-10-09,Affton,14,Herculaneum,2
2018-10-09,Vienna,13,Iberia,9
2018-10-09,Versailles,12,Laquey,2
2018-10-09,Clayton,12,McCluer,7
2018-10-09,Riverview Gardens,11,Normandy Collaborative,8
2018-10-09,Ava,16,Parkview,2
2018-10-09,Webb City,16,Rolla,11
2018-10-09,Valley Park,13,Trinity Catholic,9
2018-10-09,Warrenton,0,Union,15
2018-10-10,Van Buren,11,Bakersfield,1
2018-10-10,Naylor,1,Couch,0
2018-10-10,Macks Creek,17,Newburg,2
2018-10-10,Fair Play,12,Dadeville,1
2018-10-10,Hermitage,15,Climax Springs,0
2018-10-10,Salem,12,Glasgow,8
2018-10-10,Harrisburg,11,Worth County,9
2018-10-10,Madison,14,Higbee,4
2018-10-10,Marion County,4,North Shelby,15
2018-10-10,Hardin-Central,18,Northwestern (Mendon),8
2018-10-10,Chaffee,1,West County,2
2018-10-10,Kelly,15,St. Pius X (Festus),0
2018-10-10,Jefferson (Festus),7,West County,12
2018-10-10,Brentwood,17,Maplewood-Richmond Hts.,2
2018-10-10,Herculaneum,21,Gateway Science Charter,0
2018-10-10,Veritas Christian Academy,7,Hermann,0
2018-10-10,Macon,9,Clark County,4
2018-10-10,Palmyra,6,South Shelby,0
2018-10-10,Westran,7,Milan,6
2018-10-10,New Bloomfield,11,Fayette,1
2018-10-10,Slater,2,Hallsville,5
2018-10-10,Calvary Lutheran,0,Linn,2
2018-10-10,Eugene,9,Belle,1
2018-10-10,Warsaw,19,Laquey,20
2018-10-10,Hartville,17,Gainesville,2
2018-10-10,Mansfield,6,Smithville,5
2018-10-10,Butler,2,El Dorado Springs,15
2018-10-10,California,2,Versailles,1
2018-10-10,Lafayette County,3,Summit Christian Academy,1
2018-10-10,Lexington,9,St. Michael the Archangel,1
2018-10-10,East Buchanan,11,West Platte,1
2018-10-10,Mid-Buchanan,16,North Platte,1
2018-10-10,Polo,2,St. Elizabeth,10
2018-10-10,Perryville,9,Sikeston,5
2018-10-10,Doniphan,12,Fredericktown,2
2018-10-10,Festus,3,DeSoto,12
2018-10-10,Hillsboro,5,Windsor (Imperial),4
2018-10-10,North County,8,DeSoto,10
2018-10-10,Notre Dame (St. Louis),26,Bayless,0
2018-10-10,Clayton,15,University City,13
2018-10-10,Rosati-Kain,18,Normandy Collaborative,1
2018-10-10,McCluer,5,Riverview Gardens,27
2018-10-10,Warrenton,1,Wright City,0
2018-10-10,Centralia,0,Southern Boone,1
2018-10-10,Fulton,4,Eldon,3
2018-10-10,Owensville,5,St. Clair,6
2018-10-10,Salem,18,St. James,4
2018-10-10,Hillcrest,10,Marshfield,0
2018-10-10,Bolivar,11,Buffalo,0
2018-10-10,Cassville,4,Carl Junction,9
2018-10-10,Monett,17,Aurora,7
2018-10-10,Harrisonville,26,Clinton,16
2018-10-10,Excelsior Springs,4,St. Pius X (Kansas City),3
2018-10-10,Odessa,15,Notre Dame de Sion,0
2018-10-10,Kirksville,8,Marshall,7
2018-10-10,Chillicothe,14,Boonville,4
2018-10-10,Moberly,3,Marshall,4
2018-10-10,Poplar Bluff,13,Central (Cape Girardeau),3
2018-10-10,Cor Jesu Academy,18,Mehlville,2
2018-10-10,Parkway South,11,Rockwood Summit,10
2018-10-10,Lafayette (Wildwood),4,Parkway West,3
2018-10-10,Ladue Horton Watkins,6,Nerinx Hall,19
2018-10-10,Ritenour,10,Hazelwood Central,6
2018-10-10,Parkway Central,12,McCluer North,2
2018-10-10,Francis Howell North,1,Ft. Zumwalt East,5
2018-10-10,Timberland,6,Liberty (Wentzville),5
2018-10-10,Ft. Zumwalt West,4,Ft. Zumwalt North,0
2018-10-10,Washington,2,Battle,3
2018-10-10,Waynesville,16,Central (Springfield),1
2018-10-10,Branson,0,Glendale,10
2018-10-10,Ozark,10,Parkview,0
2018-10-10,Neosho,0,Willard,3
2018-10-10,Carthage,11,Joplin,1
2018-10-10,Blue Springs,9,Fort Osage,3
2018-10-10,Grain Valley,1,Lee's Summit,11
2018-10-10,St. Charles,15,Raytown South,0
2018-10-10,St. Teresa's Academy,16,Raytown,0
2018-10-10,Raytown South,16,Ruskin,1
2018-10-10,Platte County,3,Central (St. Joseph),5
2018-10-10,Park Hill,6,Oak Park,0
2018-10-11,Norwood,10,Van Buren,0
2018-10-11,Dora,5,Naylor,2
2018-10-11,Crocker,10,Macks Creek,0
2018-10-11,Westran,9,Richland,0
2018-10-11,Marion C. Early,11,Fair Play,1
2018-10-11,Walnut Grove,15,Halfway,5
2018-10-11,Weaubleau,14,Humansville,0
2018-10-11,Wheatland,3,Hermitage,2
2018-10-11,Vienna,10,Leeton,0
2018-10-11,Russellville,2,Van-Far,4
2018-10-11,Leeton,6,Tuscumbia,1
2018-10-11,Pilot Grove,14,Salem,0
2018-10-11,Jamestown,16,New Franklin,6
2018-10-11,Schuyler County,4,Northeast (Cairo),1
2018-10-11,Schuyler County,10,Harrisburg,1
2018-10-11,Northeast (Cairo),5,Madison,0
2018-10-11,Clopton,3,Community,1
2018-10-11,Canton,15,North Shelby,0
2018-10-11,Knox County,6,Scotland County,1
2018-10-11,Brashear,9,Green City,6
2018-10-11,Atlanta,15,Novinger,0
2018-10-11,Linn County,12,Meadville,19
2018-10-11,Norborne,16,Hardin-Central,1
2018-10-11,Gallatin,10,Pattonsburg,3
2018-10-11,Pattonsburg,16,Winston,1
2018-10-11,North Andrew,16,St. James,3
2018-10-11,Albany,10,Northeast Nodaway,0
2018-10-11,East Carter,2,Alton,0
2018-10-11,Neelyville,2,St. Clair,10
2018-10-11,Alton,18,East Prairie,9
2018-10-11,Kelly,4,West County,0
2018-10-11,Hancock,15,Brentwood,5
2018-10-11,Bishop DuBourg,9,Herculaneum,14
2018-10-11,Valley Park,8,Veritas Christian Academy,7
2018-10-11,New Haven,2,Montgomery County,12
2018-10-11,Bowling Green,7,Louisiana,1
2018-10-11,Elsberry,7,Van-Far,23
2018-10-11,Louisiana,5,Mark Twain,3
2018-10-11,Highland,7,Macon,2
2018-10-11,Monroe City,5,Palmyra,4
2018-10-11,Marceline,15,Westran,3
2018-10-11,Putnam County,6,Brookfield,0
2018-10-11,Father Tolton,10,New Bloomfield,2
2018-10-11,North Callaway,2,Hallsville,1
2018-10-11,Blair Oaks,5,Linn,0
2018-10-11,Fatima,9,Eugene,1
2018-10-11,Iberia,15,Laquey,0
2018-10-11,Cuba,16,Dixon,6
2018-10-11,Willow Springs,10,Hartville,0
2018-10-11,Ava,11,Mansfield,5
2018-10-11,Warsaw,5,Lamar,1
2018-10-11,Warsaw,15,El Dorado Springs,0
2018-10-11,East Newton,3,Lamar,4
2018-10-11,Sherwood,2,California,3
2018-10-11,Holden,10,Knob Noster,0
2018-10-11,Carrollton,5,Lafayette County,6
2018-10-11,Richmond,1,Lexington,0
2018-10-11,Plattsburg,10,East Buchanan,4
2018-10-11,Lathrop,10,Mid-Buchanan,0
2018-10-11,Penney,15,St. Elizabeth,0
2018-10-11,Trenton,13,Lawson,0
2018-10-11,Notre Dame (Cape Girardeau),5,Perryville,6
2018-10-11,Farmington,7,Doniphan,10
2018-10-11,Hillsboro,6,DeSoto,0
2018-10-11,Lutheran South,3,Notre Dame (St. Louis),6
2018-10-11,Affton,8,Ursuline Academy,15
2018-10-11,Incarnate Word Academy,16,Clayton,0
2018-10-11,Westminster Christian Academy,5,Rosati-Kain,1
2018-10-11,McCluer South-Berkeley,25,Riverview Gardens,10
2018-10-11,Trinity Catholic,19,Jennings,0
2018-10-11,St. Charles,8,Lutheran St. Charles,1
2018-10-11,Parkway North,3,Orchard Farm,6
2018-10-11,St. Dominic,3,Warrenton,2
2018-10-11,Hannibal,14,Winfield,6
2018-10-11,Mexico,1,Southern Boone,0
2018-10-11,Helias Catholic,8,Fulton,2
2018-10-11,St. Joseph's Academy,15,St. Clair,0
2018-10-11,Union,9,Pacific,6
2018-10-11,Webb City,10,Salem,0
2018-10-11,Osage,15,West Plains,0
2018-10-11,Logan-Rogersville,4,Hillcrest,8
2018-10-11,Reeds Spring,1,Bolivar,4
2018-10-11,McDonald County,11,Carl Junction,0
2018-10-11,Seneca,2,Monett,10
2018-10-11,Warrensburg,7,Harrisonville,5
2018-10-11,Pleasant Hill,2,Nevada,13
2018-10-11,Oak Grove,15,Excelsior Springs,4
2018-10-11,Kearney,12,Odessa,0
2018-10-11,Kirksville,8,Chillicothe,4
2018-10-11,Smithville,13,Lafayette (St. Joseph),1
2018-10-11,Benton,0,Savannah,14
2018-10-11,Lafayette (St. Joseph),10,Maryville,9
2018-10-11,Savannah,8,Cameron,4
2018-10-11,Seckman,14,Poplar Bluff,2
2018-10-11,Northwest (Cedar Hill),13,Jackson,8
2018-10-11,Lindbergh,20,Cor Jesu Academy,5
2018-10-11,Oakville,14,Fox,2
2018-10-11,Marquette,10,Parkway South,0
2018-10-11,Eureka,13,Lafayette (Wildwood),3
2018-10-11,Kirkwood,17,Nerinx Hall,0
2018-10-11,Webster Groves,2,St. Joseph's Academy,1
2018-10-11,Hazelwood West,6,Ritenour,0
2018-10-11,Pattonville,3,Parkway Central,8
2018-10-11,Francis Howell Central,11,Ft. Zumwalt East,1
2018-10-11,Ft. Zumwalt South,16,Francis Howell,1
2018-10-11,Troy Buchanan,1,Timberland,0
2018-10-11,Holt,19,Ft. Zumwalt West,9
2018-10-11,Jefferson City,12,Battle,1
2018-10-11,Camdenton,15,Waynesville,0
2018-10-11,Rolla,12,Lebanon,2
2018-10-11,Nixa,10,Glendale,0
2018-10-11,Kickapoo,1,Ozark,10
2018-10-11,Republic,11,Willard,1
2018-10-11,Webb City,9,Carthage,0
2018-10-11,Lee's Summit West,12,Savannah,1
2018-10-11,Raymore-Peculiar,11,Belton,0
2018-10-11,Grandview,4,Savannah,16
2018-10-11,Lee's Summit North,8,Blue Springs,0
2018-10-11,Blue Springs South,7,Lee's Summit,5
2018-10-11,St. Charles,6,St. Teresa's Academy,3
2018-10-11,Liberty,16,William Chrisman,0
2018-10-11,Liberty North,11,Winnetonka,1
2018-10-11,William Chrisman,6,North Kansas City,4
2018-10-11,Staley,3,Central (St. Joseph),1
2018-10-11,Park Hill South,12,Park Hill,2
2018-10-12,Pilot Grove,6,Jamestown,2
2018-10-12,East Carter,4,St. Clair,3
2018-10-12,Willow Springs,16,Ava,12
2018-10-12,McDonald County,15,Monett,14
2018-10-13,Norwood,2,Dora,0
2018-10-13,Crocker,6,Westran,2
2018-10-13,Marion C. Early,6,Walnut Grove,5
2018-10-13,Weaubleau,4,Wheatland,1
2018-10-13,Canton,1,Knox County,2
2018-10-13,La Plata,5,Atlanta,4
2018-10-13,La Plata,11,Brashear,1
2018-10-13,Schuyler County,2,Atlanta,3
2018-10-13,Bevier,9,Meadville,10
2018-10-13,Maysville,12,DeKalb,2
2018-10-13,DeKalb,5,North Andrew,4
2018-10-13,North Nodaway,5,Albany,4
2018-10-13,Hancock,9,Herculaneum,3
2018-10-13,Valley Park,2,Montgomery County,5
2018-10-13,Bowling Green,3,Van-Far,1
2018-10-13,Highland,10,Monroe City,1
2018-10-13,Marceline,7,Putnam County,1
2018-10-13,Father Tolton,1,North Callaway,0
2018-10-13,Blair Oaks,8,Fatima,0
2018-10-13,Iberia,2,Cuba,4
2018-10-13,Holden,12,California,2
2018-10-13,Richmond,4,Lafayette County,3
2018-10-13,Plattsburg,0,Lathrop,1
2018-10-13,Penney,3,Trenton,5
2018-10-13,Doniphan,4,Perryville,5
2018-10-13,Ursuline Academy,2,Notre Dame (St. Louis),4
2018-10-13,Incarnate Word Academy,5,Westminster Christian Academy,7
2018-10-13,McCluer South-Berkeley,3,Trinity Catholic,21
2018-10-13,St. Charles,9,Orchard Farm,8
2018-10-13,St. Dominic,2,Hannibal,1
2018-10-13,Mexico,9,Helias Catholic,2
2018-10-13,St. Joseph's Academy,2,Union,1
2018-10-13,Webb City,8,Osage,4
2018-10-13,Bolivar,5,Hillcrest,0
2018-10-13,Warrensburg,0,Nevada,2
2018-10-13,Oak Grove,6,Kearney,0
2018-10-13,Seckman,1,Northwest (Cedar Hill),9
2018-10-13,Lindbergh,10,Oakville,22
2018-10-13,Marquette,17,Eureka,7
2018-10-13,Kirkwood,4,Webster Groves,6
2018-10-13,Hazelwood West,1,Parkway Central,0
2018-10-13,Francis Howell Central,6,Ft. Zumwalt South,4
2018-10-13,Jefferson City,3,Rock Bridge,0
2018-10-13,Camdenton,11,Rolla,0
2018-10-13,Nixa,8,Ozark,13
2018-10-13,Republic,7,Webb City,6
2018-10-13,Lee's Summit West,0,Raymore-Peculiar,1
2018-10-13,Lee's Summit North,3,Blue Springs South,4
2018-10-13,Staley,2,Park Hill South,0
2018-10-15,Silex,9,Clopton,8
2018-10-15,North Harrison,8,Princeton,7
2018-10-15,Vienna,5,North Nodaway,1
2018-10-15,Troy Buchanan,6,Holt,3
2018-10-15,Liberty,11,Liberty North,3
2018-10-16,Vienna,9,Van-Far,3
2018-10-16,Smithville,1,Savannah,4
2018-10-17,Crocker,2,Norwood,8
2018-10-17,Weaubleau,14,Marion C. Early,2
2018-10-17,Vienna,11,North Harrison,1
2018-10-17,Pilot Grove,4,Vienna,3
2018-10-17,Silex,0,Schuyler County,8
2018-10-17,La Plata,5,Knox County,8
2018-10-17,Kelly,4,East Carter,5
2018-10-17,Montgomery County,14,Hancock,4
2018-10-17,Richmond,1,Holden,12
2018-10-17,Trenton,5,Lathrop,0
2018-10-17,Father Tolton,6,Marceline,1
2018-10-17,Cuba,0,Blair Oaks,15
2018-10-17,Warsaw,11,Willow Springs,1
2018-10-17,Hillsboro,5,Perryville,0
2018-10-17,Westminster Christian Academy,1,Notre Dame (St. Louis),14
2018-10-17,Oak Grove,11,Nevada,1
2018-10-17,Savannah,12,Kirksville,2
2018-10-17,St. Charles,10,Trinity Catholic,0
2018-10-17,Mexico,8,St. Dominic,1
2018-10-17,Webb City,4,St. Joseph's Academy,1
2018-10-17,McDonald County,3,Bolivar,6
2018-10-17,Oakville,8,Northwest (Cedar Hill),3
2018-10-17,Webster Groves,0,Marquette,3
2018-10-17,St. Charles,0,Blue Springs South,3
2018-10-17,Staley,3,Liberty,4
2018-10-17,Francis Howell Central,10,Hazelwood West,0
2018-10-17,Jefferson City,0,Troy Buchanan,4
2018-10-17,Ozark,7,Camdenton,6
2018-10-17,Raymore-Peculiar,11,Republic,2
2018-10-18,Highland,0,Bowling Green,3
2018-10-18,Marquette,9,Francis Howell,0
2018-10-20,Weaubleau,0,Norwood,4
2018-10-20,Vienna,0,Maysville,9
2018-10-20,Schuyler County,10,Pilot Grove,1
2018-10-20,Meadville,0,Knox County,17
2018-10-20,Montgomery County,2,East Carter,3
2018-10-20,Trenton,12,Holden,5
2018-10-20,Father Tolton,2,Bowling Green,8
2018-10-20,Warsaw,0,Blair Oaks,10
2018-10-20,Notre Dame (St. Louis),0,Hillsboro,12
2018-10-20,Savannah,8,Oak Grove,9
2018-10-20,Mexico,6,St. Charles,1
2018-10-20,Bolivar,4,Webb City,7
2018-10-20,Marquette,12,Oakville,2
2018-10-20,Liberty,2,Blue Springs South,6
2018-10-20,Troy Buchanan,10,Francis Howell Central,0
2018-10-20,Raymore-Peculiar,9,Ozark,2
2018-10-26,Knox County,9,Norwood,0
2018-10-26,Maysville,15,Norwood,4
2018-10-26,Knox County,3,Schuyler County,5
2018-10-26,Blair Oaks,8,East Carter,0
2018-10-26,Trenton,2,East Carter,0
2018-10-26,Blair Oaks,0,Bowling Green,2
2018-10-26,Webb City,6,Hillsboro,2
2018-10-26,Oak Grove,8,Hillsboro,5
2018-10-26,Webb City,0,Mexico,3
2018-10-26,Raymore-Peculiar,6,Marquette,5
2018-10-26,Blue Springs South,6,Marquette,5
2018-10-26,Raymore-Peculiar,0,Troy Buchanan,6
2018-10-27,Schuyler County,2,Maysville,3
2018-10-27,Bowling Green,2,Trenton,1
2018-10-27,Mexico,5,Oak Grove,0
2018-10-27,Troy Buchanan,0,Blue Springs South,2
